id,order_id,account,security_id,symbol,transact_time,side,ord_type,order_price,order_size,exec_inst,time_in_force,expire_date,stop_px,last_cl_ord_id,text,exec_type,ord_status,last_price,last_qty,avg_price,cum_qty,leaves_qty,event_subtype
39af43a7-4251-4ed0-8f37-5f03ddf71c3f,01K8151KAADY2W2STETVHJKEX8,17825,bm_MERV_TX25_CI,MERV - XMEV - TX25 - CI,2025-10-20 15:50:41.226000Z,SELL,LIMIT,1385,100000,,DAY,,,499535441010074, ,F,Ejecutada,1385,100000,1385,100000,0,execution_report
e1f7a062-7c40-4de5-b58b-3e41c897f6df,01K8151KFSY3QQEPTMSDWMZ9F7,17825,bm_MERV_TX25_24hs,MERV - XMEV - TX25 - 24hs,2025-10-20 15:50:41.401000Z,BUY,LIMIT,1385,100000,,DAY,,,499535441010090, ,F,Ejecutada,1385,100000,1385,100000,0,execution_report
f0e5b018-9866-49fc-9d10-fd40d8702cb7,01K8151NMWN1GYVHJZYD0Y13DQ,17825,bm_MERV_TX25_CI,MERV - XMEV - TX25 - CI,2025-10-20 15:50:43.612000Z,SELL,LIMIT,1385,100000,,DAY,,,499535443010096, ,F,Ejecutada,1385,100000,1385,100000,0,execution_report
7ab930ad-3137-44b1-beca-9985e42469a5,01K8151NTJD2Q0J5J2ZJ2WHBZK,17825,bm_MERV_TX25_24hs,MERV - XMEV - TX25 - 24hs,2025-10-20 15:50:43.794000Z,BUY,LIMIT,1385,100000,,DAY,,,499535443010104, ,F,Ejecutada,1385,100000,1385,100000,0,execution_report
60bc2e4b-44da-4b6a-bfaa-382f654925d3,01K8151QYZ2CRZH7YF5Q1EDXAQ,17825,bm_MERV_TX25_CI,MERV - XMEV - TX25 - CI,2025-10-20 15:50:45.983000Z,SELL,LIMIT,1385,100000,,DAY,,,499535445010124, ,F,Ejecutada,1385,100000,1385,100000,0,execution_report
05fa8ce3-5a90-4d6a-8f2f-c5ca97672e6d,01K8151R8RCGGJKYK4Y9Y7YH4H,17825,bm_MERV_TX25_24hs,MERV - XMEV - TX25 - 24hs,2025-10-20 15:50:46.296000Z,BUY,LIMIT,1385,100000,,DAY,,,499535446010140, ,F,Ejecutada,1385,100000,1385,100000,0,execution_report
da1aeb35-be87-4b52-9528-98ac4877c433,01K8151TFY08FTM743G64E67TW,17825,bm_MERV_TX25_CI,MERV - XMEV - TX25 - CI,2025-10-20 15:50:48.574000Z,SELL,LIMIT,1385,100000,,DAY,,,499535448010161, ,F,Ejecutada,1385,100000,1385,100000,0,execution_report
9db24b39-a08d-470b-8e84-42e377826427,01K8151TJNCZZCFJPCAMFTMY7C,17825,bm_MERV_TX25_24hs,MERV - XMEV - TX25 - 24hs,2025-10-20 15:50:48.661000Z,BUY,LIMIT,1385,100000,,DAY,,,499535448010166, ,F,Ejecutada,1385,100000,1385,100000,0,execution_report
0bad1cab-1168-43ab-ab70-baa9c46daeb4,01K8151WQH9SW9E5214A3HPMEX,17825,bm_MERV_TX25_CI,MERV - XMEV - TX25 - CI,2025-10-20 15:50:50.865000Z,SELL,LIMIT,1385,100000,,DAY,,,499535450010178, ,F,Ejecutada,1385,100000,1385,100000,0,execution_report
ae017fc9-cb6f-4fb6-92e1-1bf48a24e5e3,01K8151WT7MZ55WEMBHQ544TEK,17825,bm_MERV_TX25_24hs,MERV - XMEV - TX25 - 24hs,2025-10-20 15:50:50.951000Z,BUY,LIMIT,1385,100000,,DAY,,,499535450010197, ,F,Ejecutada,1385,100000,1385,100000,0,execution_report
27ec9f4c-ce44-4c8f-883a-4b71f9727f5c,01K8151YY6TV8PWHM2C4M1H3N9,17825,bm_MERV_TX25_CI,MERV - XMEV - TX25 - CI,2025-10-20 15:50:53.126000Z,SELL,LIMIT,1385,100000,,DAY,,,499535453010207, ,F,Ejecutada,1385,100000,1385,100000,0,execution_report
77dcada1-a3d9-4963-8918-6485fdf64e44,01K8151Z0QG922RB723YXCWYDF,17825,bm_MERV_TX25_24hs,MERV - XMEV - TX25 - 24hs,2025-10-20 15:50:53.207000Z,BUY,LIMIT,1385,100000,,DAY,,,499535453010226, ,F,Ejecutada,1385,100000,1385,100000,0,execution_report
90473332-c800-4163-b5ad-66bcfbf79c0d,01K815218XNVR487070NEN925G,17825,bm_MERV_TX25_CI,MERV - XMEV - TX25 - CI,2025-10-20 15:50:55.517000Z,SELL,LIMIT,1385,100000,,DAY,,,499535455010247, ,F,Ejecutada,1385,100000,1385,100000,0,execution_report
85aa6f6f-32c9-4a0f-b2c9-966c7e7e16cb,01K81521BVRTXD22YZVJGY2RVG,17825,bm_MERV_TX25_24hs,MERV - XMEV - TX25 - 24hs,2025-10-20 15:50:55.611000Z,BUY,LIMIT,1385,100000,,DAY,,,499535455010263, ,F,Ejecutada,1385,100000,1385,100000,0,execution_report
7755445a-c1dc-431f-9c82-b7114ccf8038,01K81523FPWJ9VHGW9PN3QTTFK,17825,bm_MERV_TX25_CI,MERV - XMEV - TX25 - CI,2025-10-20 15:50:57.782000Z,SELL,LIMIT,1385,100000,,DAY,,,499535457010272, ,F,Ejecutada,1385,100000,1385,100000,0,execution_report
6878266d-fe7c-41bd-9a18-564e67f352e9,01K81523JDVNAP1KEJHG62TMJ0,17825,bm_MERV_TX25_24hs,MERV - XMEV - TX25 - 24hs,2025-10-20 15:50:57.869000Z,BUY,LIMIT,1385,100000,,DAY,,,499535457010285, ,F,Ejecutada,1385,100000,1385,100000,0,execution_report
34feb7ac-7441-4960-aeb2-397100348245,01K81525P0FENN6PW8N7PK37TY,17825,bm_MERV_TX25_CI,MERV - XMEV - TX25 - CI,2025-10-20 15:51:00.032000Z,SELL,LIMIT,1385,100000,,DAY,,,499535460010295, ,F,Ejecutada,1385,100000,1385,100000,0,execution_report
d64605c4-4d22-4409-955c-0895861de229,01K81525TNH36ZAHAG5DTZ0EN2,17825,bm_MERV_TX25_24hs,MERV - XMEV - TX25 - 24hs,2025-10-20 15:51:00.181000Z,BUY,LIMIT,1385,100000,,DAY,,,499535460010320, ,F,Ejecutada,1385,100000,1385,100000,0,execution_report
adeb8f00-2283-4546-bbcb-dbaa45f1e1ac,01K815281HEQQ158X5JANT097Z,17825,bm_MERV_TX25_CI,MERV - XMEV - TX25 - CI,2025-10-20 15:51:02.449000Z,SELL,LIMIT,1385,100000,,DAY,,,499535462010338, ,F,Ejecutada,1385,100000,1385,100000,0,execution_report
6a589606-b916-408c-a33d-9340bc8358cf,01K815284F2199KH17P4RM8KKT,17825,bm_MERV_TX25_24hs,MERV - XMEV - TX25 - 24hs,2025-10-20 15:51:02.543000Z,BUY,LIMIT,1385,100000,,DAY,,,499535462010362, ,F,Ejecutada,1385,100000,1385,100000,0,execution_report
0c11a02d-be0f-420b-a73e-a4666a761fa2,01K8152ABM73RF50EC0Q4TY7V9,17825,bm_MERV_TX25_CI,MERV - XMEV - TX25 - CI,2025-10-20 15:51:04.820000Z,SELL,LIMIT,1385,100000,,DAY,,,499535464010379, ,F,Ejecutada,1385,100000,1385,100000,0,execution_report
e29b818a-02cb-45ee-a162-05d2418eb409,01K8152AE9E54EZXDH46K27X22,17825,bm_MERV_TX25_24hs,MERV - XMEV - TX25 - 24hs,2025-10-20 15:51:04.905000Z,BUY,LIMIT,1385,100000,,DAY,,,499535464010390, ,F,Ejecutada,1385,100000,1385,100000,0,execution_report
a652a101-38ff-4294-96d7-5605a4029acd,01K8152CJ3NKEPXWR4GS81DQB7,17825,bm_MERV_TX25_CI,MERV - XMEV - TX25 - CI,2025-10-20 15:51:07.075000Z,SELL,LIMIT,1385,100000,,DAY,,,499535467010409, ,F,Ejecutada,1385,100000,1385,100000,0,execution_report
beca233c-143b-4d37-99c8-0e007186f70c,01K8152CMSQ2NWG2CEC4RSTF1D,17825,bm_MERV_TX25_24hs,MERV - XMEV - TX25 - 24hs,2025-10-20 15:51:07.161000Z,BUY,LIMIT,1385,100000,,DAY,,,499535467010410, ,F,Ejecutada,1385,100000,1385,100000,0,execution_report
0cd80c4a-f522-41a8-abb4-85c20deeb9ec,01K8152EQXAR1KMTN871HJCH2T,17825,bm_MERV_TX25_CI,MERV - XMEV - TX25 - CI,2025-10-20 15:51:09.309000Z,SELL,LIMIT,1385,100000,,DAY,,,499535469010413, ,F,Ejecutada,1385,100000,1385,100000,0,execution_report
0faa37f4-36bd-40f6-82b2-6656249c77e4,01K8152ETWYPJ81Q0SVPJ6FWPZ,17825,bm_MERV_TX25_24hs,MERV - XMEV - TX25 - 24hs,2025-10-20 15:51:09.404000Z,BUY,LIMIT,1385,100000,,DAY,,,499535469010430, ,F,Ejecutada,1385,100000,1385,100000,0,execution_report
61be0e77-652e-44f8-8446-25f38f08d895,01K8152GYTWXGEA8TY6Z95H9V3,17825,bm_MERV_TX25_CI,MERV - XMEV - TX25 - CI,2025-10-20 15:51:11.578000Z,SELL,LIMIT,1385,100000,,DAY,,,499535471010439, ,F,Ejecutada,1385,100000,1385,100000,0,execution_report
00c321fd-adc6-40cb-88cb-68b14e6392ab,01K8152H1CNB1QVAWEDTXQJVYD,17825,bm_MERV_TX25_24hs,MERV - XMEV - TX25 - 24hs,2025-10-20 15:51:11.660000Z,BUY,LIMIT,1385,100000,,DAY,,,499535471010462, ,F,Ejecutada,1385,100000,1385,100000,0,execution_report
cff7647d-0067-439f-9e3c-625583b2713d,01K818WCNSZVYMPV2ZRSFGVB44,17825,bm_MERV_S16E6_CI,MERV - XMEV - S16E6 - CI,2025-10-20 16:57:44.889000Z,SELL,LIMIT,107.9,150000,,DAY,,,499539464013797, ,F,Ejecutada,107.9,150000,107.9,150000,0,execution_report
c8071c97-d83b-4197-8328-ab1f77d9b6f7,01K818WCYBCNG17FC83BPYK2AZ,17825,bm_MERV_S16E6_24hs,MERV - XMEV - S16E6 - 24hs,2025-10-20 16:57:45.163000Z,BUY,LIMIT,107,150000,,DAY,,,499539465013809, ,F,Ejecutada,107,150000,107,150000,0,execution_report
1e57425b-bdc7-4ffb-b20b-73938a30ca77,01K818WF6JR8DCFWY8E283Y11P,17825,bm_MERV_S16E6_CI,MERV - XMEV - S16E6 - CI,2025-10-20 16:57:47.474000Z,SELL,LIMIT,107.9,150000,,DAY,,,499539467013812, ,F,Ejecutada,107.9,150000,107.9,150000,0,execution_report
c84bd919-617d-4d20-b057-a32914f449ef,01K818WFFFCX7PB367HEVKCPDX,17825,bm_MERV_S16E6_24hs,MERV - XMEV - S16E6 - 24hs,2025-10-20 16:57:47.759000Z,BUY,LIMIT,107,150000,,DAY,,,499539467013835, ,F,Ejecutada,107,150000,107,150000,0,execution_report
e3296759-5369-4e62-8149-9b9f3103232e,01K818WHKTWK8C2T75G38PK6PR,17825,bm_MERV_S16E6_CI,MERV - XMEV - S16E6 - CI,2025-10-20 16:57:49.946000Z,SELL,LIMIT,107.9,126205,,DAY,,,499539469013839, ,F,Ejecutada,107.9,126205,107.9,126205,0,execution_report
3f8b3f5e-3ec3-4363-b45f-08b453570658,01K818WHQJJ21ZY11BJ065HH27,17825,bm_MERV_S16E6_24hs,MERV - XMEV - S16E6 - 24hs,2025-10-20 16:57:50.066000Z,BUY,LIMIT,107,126205,,DAY,,,499539470013843, ,F,Ejecutada,107,126205,107,126205,0,execution_report
d49df2c4-106c-44b9-bec1-784692e51546,01K818WKX1PSA01RNBK0HECH61,17825,bm_MERV_S16E6_CI,MERV - XMEV - S16E6 - CI,2025-10-20 16:57:52.289000Z,SELL,LIMIT,107.724,112324,,DAY,,,499539472013856, ,F,Ejecutada,107.724,112324,107.724,112324,0,execution_report
5e2cac7a-c735-45b8-83bc-232b4dc23ef0,01K818WM0BQFZEZTX49SSVBCVH,17825,bm_MERV_S16E6_24hs,MERV - XMEV - S16E6 - 24hs,2025-10-20 16:57:52.395000Z,BUY,LIMIT,107,112324,,DAY,,,499539472013874, ,F,Ejecutada,107,112324,107,112324,0,execution_report
8bdb367b-a73a-464d-a16a-abe7891dc773,01K818WP4N9BNBH3PGB1SXAZ76,17825,bm_MERV_S16E6_CI,MERV - XMEV - S16E6 - CI,2025-10-20 16:57:54.581000Z,SELL,LIMIT,107.43,28000,,DAY,,,499539474013878, ,F,Ejecutada,107.43,28000,107.43,28000,0,execution_report
ecf4d601-dab3-4dec-9d43-c781257bb089,01K818WP99GR8B9JDDWWCYVDKR,17825,bm_MERV_S16E6_24hs,MERV - XMEV - S16E6 - 24hs,2025-10-20 16:57:54.729000Z,BUY,LIMIT,107,28000,,DAY,,,499539474013879, ,F,Ejecutada,107,28000,107,28000,0,execution_report
a11b1dc8-d40b-420b-bdda-7255b2e91f50,01K818WRGY6F5JZFR28A3ZYYR4,17825,bm_MERV_S16E6_CI,MERV - XMEV - S16E6 - CI,2025-10-20 16:57:57.022000Z,SELL,LIMIT,107.23,250,,DAY,,,499539477013900, ,F,Ejecutada,107.23,250,107.23,250,0,execution_report
b02dab05-5f11-4d30-adf3-1c5cc238e7be,01K818WRKV219BWX65EJKQQ7D0,17825,bm_MERV_S16E6_24hs,MERV - XMEV - S16E6 - 24hs,2025-10-20 16:57:57.115000Z,BUY,LIMIT,107,250,,DAY,,,499539477013910, ,F,Ejecutada,107,250,107,250,0,execution_report
ad486478-c69a-4213-b315-eed1b2e66079,01K818WTR6FYZHMFQ9N0ZQBRKY,17825,bm_MERV_S16E6_CI,MERV - XMEV - S16E6 - CI,2025-10-20 16:57:59.302000Z,SELL,LIMIT,107.225,150000,,DAY,,,499539479013934, ,F,Ejecutada,107.225,150000,107.225,150000,0,execution_report
13323d2c-486c-446d-ad34-9a3763f1bad0,01K818WTTM6ZFYTSJ4S42TVJ36,17825,bm_MERV_S16E6_24hs,MERV - XMEV - S16E6 - 24hs,2025-10-20 16:57:59.380000Z,BUY,LIMIT,107,150000,,DAY,,,499539479013937, ,F,Ejecutada,107,150000,107,150000,0,execution_report
0611479a-cb25-46bb-96cf-4c163f2e774c,01K818WWYPCX7GJJBJRGQY9NN8,17825,bm_MERV_S16E6_CI,MERV - XMEV - S16E6 - CI,2025-10-20 16:58:01.558000Z,SELL,LIMIT,107.225,150000,,DAY,,,499539481013955, ,F,Ejecutada,107.225,150000,107.225,150000,0,execution_report
0b7b15da-cf54-4f34-97e9-37ab22cbb21f,01K818WX18EHTNYE6F8TN99593,17825,bm_MERV_S16E6_24hs,MERV - XMEV - S16E6 - 24hs,2025-10-20 16:58:01.640000Z,BUY,LIMIT,107,150000,,DAY,,,499539481013963, ,F,Ejecutada,107,150000,107,150000,0,execution_report
07383efe-6c3c-4699-b037-573cee427bdc,01K818WZ6HQK0PTKJ13W8A8M8G,17825,bm_MERV_S16E6_CI,MERV - XMEV - S16E6 - CI,2025-10-20 16:58:03.857000Z,SELL,LIMIT,107.225,150000,,DAY,,,499539483013977, ,F,Ejecutada,107.225,150000,107.225,150000,0,execution_report
5a8f7555-1a5e-49c8-940d-f9147d013b04,01K818WZA8XHDMB6SR43NT3Z65,17825,bm_MERV_S16E6_24hs,MERV - XMEV - S16E6 - 24hs,2025-10-20 16:58:03.976000Z,BUY,LIMIT,107,150000,,DAY,,,499539483014002, ,F,Ejecutada,107,150000,107,150000,0,execution_report
a7fbb76d-22a3-4868-9789-596d21f1ba0a,01K818X1FD6V82F1PEHEDFX55C,17825,bm_MERV_S16E6_CI,MERV - XMEV - S16E6 - CI,2025-10-20 16:58:06.189000Z,SELL,LIMIT,107.225,150000,,DAY,,,499539486014024, ,F,Ejecutada,107.225,150000,107.225,150000,0,execution_report
c2dacd0c-1949-4830-844d-3ede786f8973,01K818X1JFNGNJ815CHRAVA0ND,17825,bm_MERV_S16E6_24hs,MERV - XMEV - S16E6 - 24hs,2025-10-20 16:58:06.287000Z,BUY,LIMIT,107,150000,,DAY,,,499539486014047, ,F,Ejecutada,107,150000,107,150000,0,execution_report
325703b0-0c1a-44cc-b7df-d01779300584,01K818X3WB0R5JBZQHYTBDV9Q4,17825,bm_MERV_S16E6_CI,MERV - XMEV - S16E6 - CI,2025-10-20 16:58:08.651000Z,SELL,LIMIT,107.225,150000,,DAY,,,499539488014062, ,F,Ejecutada,107.225,150000,107.225,150000,0,execution_report
854f2e7c-2f27-45c2-851d-1a7bf4e0a44f,01K818X3Z68RSSXS8GSTQFJXJC,17825,bm_MERV_S16E6_24hs,MERV - XMEV - S16E6 - 24hs,2025-10-20 16:58:08.742000Z,BUY,LIMIT,107,150000,,DAY,,,499539488014086, ,F,Ejecutada,107,150000,107,150000,0,execution_report
b6e2354a-5e78-4075-81be-f7ad597607c8,01K818X63JG4FK1M2RRA9N3EX9,17825,bm_MERV_S16E6_CI,MERV - XMEV - S16E6 - CI,2025-10-20 16:58:10.930000Z,SELL,LIMIT,107.225,1000000,,DAY,,,499539490014087, ,F,Ejecutada,107.225,1000000,107.225,1000000,0,execution_report
fbce5e42-8396-4f8d-bc4a-aa5eca29c7f3,01K818X66B3QX8RNNQ18H1Q1Q8,17825,bm_MERV_S16E6_24hs,MERV - XMEV - S16E6 - 24hs,2025-10-20 16:58:11.019000Z,BUY,LIMIT,107,1000000,,DAY,,,499539491014095, ,F,Ejecutada,107,1000000,107,1000000,0,execution_report
1e56f3d5-8a19-48f8-b39a-7ce6c33b0ce2,01K818X8G1TY4NFC8HTK1DRBBB,17825,bm_MERV_S16E6_CI,MERV - XMEV - S16E6 - CI,2025-10-20 16:58:13.377000Z,SELL,LIMIT,107.225,205700,,DAY,,,499539493014119, ,F,Ejecutada,107.225,205700,107.225,205700,0,execution_report
aa2f4fe3-c09f-4122-9f07-a1a78e6f8957,01K818X8M4AMXRXTR1YKWEB1BP,17825,bm_MERV_S16E6_24hs,MERV - XMEV - S16E6 - 24hs,2025-10-20 16:58:13.508000Z,BUY,LIMIT,107,205700,,DAY,,,499539493014134, ,F,Ejecutada,107,205700,107,205700,0,execution_report
21b39cfb-2adf-4905-9458-c89ef33eff3d,01K818XAVH15PQXSREZPKV38YW,17825,bm_MERV_S16E6_CI,MERV - XMEV - S16E6 - CI,2025-10-20 16:58:15.793000Z,SELL,LIMIT,107,75000,,DAY,,,499539495014154, ,F,Ejecutada,107,75000,107,75000,0,execution_report
6f672234-4068-4e87-bcc1-3cf6b6800136,01K818XAY1T0V805MBTGXVM3X4,17825,bm_MERV_S16E6_24hs,MERV - XMEV - S16E6 - 24hs,2025-10-20 16:58:15.873000Z,BUY,LIMIT,107,75000,,DAY,,,499539495014166, ,F,Ejecutada,107,75000,107,75000,0,execution_report
6c17d6d1-d632-4e5e-a5e6-b6d251780452,01K819ARZHA3Q7J8KX0HDEG3MN,17825,bm_MERV_S16E6_CI,MERV - XMEV - S16E6 - CI,2025-10-20 17:05:36.241000Z,SELL,LIMIT,112,259974,,DAY,,,499539936014710, ,F,Ejecutada,112,259974,112,259974,0,execution_report
5069bbf8-a537-42e7-ae19-886abb2cd808,01K819AS2AS1Q0H0ZA8HMW609G,17825,bm_MERV_S16E6_24hs,MERV - XMEV - S16E6 - 24hs,2025-10-20 17:05:36.330000Z,BUY,LIMIT,106.999,259974,,DAY,,,499539936014734, ,F,Ejecutada,106.999,259974,106.999,259974,0,execution_report
f08f1f57-2e3c-4866-9973-26c4b3522f5c,01K81A5P8S7MGPAWD6XK1Z9PZS,17825,bm_MERV_GGAL_24hs,MERV - XMEV - GGAL - 24hs,2025-10-20 17:20:18.225000Z,SELL,LIMIT,5000,1500,,DAY,,,gOPq6oWTKhcetOjT, ,F,Ejecutada,5000,1500,5000,1500,0,execution_report
b677538e-c55c-4be7-b12b-279c06d85e83,01K81APQHWNJRTW2XXHTK35CB9,17825,bm_MERV_GGAL_24hs,MERV - XMEV - GGAL - 24hs,2025-10-20 17:29:36.596000Z,SELL,LIMIT,5000,5000,,DAY,,,1iXo2zbtGpLrYRg1, ,F,Parcialmente ejecutada,5000,100,5000,1442,3558,execution_report
48c816fe-8409-40de-9545-738c6e709ae0,01K81APQHWNJRTW2XXHTK35CB9,17825,bm_MERV_GGAL_24hs,MERV - XMEV - GGAL - 24hs,2025-10-20 17:29:36.596000Z,SELL,LIMIT,5000,5000,,DAY,,,1iXo2zbtGpLrYRg1, ,F,Parcialmente ejecutada,5000,1242,5000,1242,3758,execution_report
d38a2c0a-a2fd-4c22-895e-b7a987b267cf,01K81APQHWNJRTW2XXHTK35CB9,17825,bm_MERV_GGAL_24hs,MERV - XMEV - GGAL - 24hs,2025-10-20 17:29:36.596000Z,SELL,LIMIT,5000,5000,,DAY,,,1iXo2zbtGpLrYRg1, ,F,Parcialmente ejecutada,5000,100,5000,1342,3658,execution_report
87112455-0158-4c59-8fcf-9ebfa349ade4,01K81APQHWNJRTW2XXHTK35CB9,17825,bm_MERV_GGAL_24hs,MERV - XMEV - GGAL - 24hs,2025-10-20 17:29:36.596000Z,SELL,LIMIT,5000,5000,,DAY,,,1iXo2zbtGpLrYRg1, ,F,Ejecutada,5000,3558,5000,5000,0,execution_report
b974b8a0-0cb0-4bb4-9e9c-3fff3a1b7294,01K8178D4GAVGHG6DDV2F1P542,17825,bm_MERV_GGAL_CI,MERV - XMEV - GGAL - CI,2025-10-20 17:33:19.032000Z,BUY,LIMIT,4997.5,1000,,DAY,,,19fjZcWuBZjn2eUP, ,F,Ejecutada,4997.5,500,4997.5,1000,0,execution_report
810cbb5a-4142-4bef-9ab7-c6b7efde6518,01K81ARBBGM3RFJAS7TX2W6VXW,17825,bm_MERV_GGAL_CI,MERV - XMEV - GGAL - CI,2025-10-20 17:33:19.032000Z,BUY,LIMIT,4992.5,5500,,DAY,,,HBy9e9tbak0ddFgB, ,F,Parcialmente ejecutada,4992.5,28,4992.5,28,5472,execution_report
c5d1ca43-a445-466c-8656-19b02fdee76c,01K8178D4GAVGHG6DDV2F1P542,17825,bm_MERV_GGAL_CI,MERV - XMEV - GGAL - CI,2025-10-20 17:33:19.032000Z,BUY,LIMIT,4997.5,1000,,DAY,,,19fjZcWuBZjn2eUP, ,F,Parcialmente ejecutada,4997.5,500,4997.5,500,500,execution_report
e3ba89a0-bdf1-4c96-be1c-4b393cef0974,01K81AYSWEJEDTTP196EVXT4CG,17825,bm_MERV_AL30D_24hs,MERV - XMEV - AL30D - 24hs,2025-10-20 17:34:04.196000Z,SELL,LIMIT,55.83,200000,,DAY,,,YPnqUe0Va0ZHCJs5, ,F,Parcialmente ejecutada,55.83,537,55.83,537,199463,execution_report
9d989c80-0ab9-4f40-8c3d-cf6db5cd1d99,01K81AYSWEJEDTTP196EVXT4CG,17825,bm_MERV_AL30D_24hs,MERV - XMEV - AL30D - 24hs,2025-10-20 17:34:09.793000Z,SELL,LIMIT,55.83,200000,,DAY,,,YPnqUe0Va0ZHCJs5, ,F,Parcialmente ejecutada,55.83,20000,55.83,20537,179463,execution_report
6ee7b48b-fd5f-4a6e-a699-7f33d66dd497,01K81AYSWEJEDTTP196EVXT4CG,17825,bm_MERV_AL30D_24hs,MERV - XMEV - AL30D - 24hs,2025-10-20 17:34:11.345000Z,SELL,LIMIT,55.83,200000,,DAY,,,YPnqUe0Va0ZHCJs5, ,F,Parcialmente ejecutada,55.83,245,55.83,20782,179218,execution_report
8b779de4-1c08-4d19-8267-2b9f1fe77c73,01K81AYSWEJEDTTP196EVXT4CG,17825,bm_MERV_AL30D_24hs,MERV - XMEV - AL30D - 24hs,2025-10-20 17:34:11.487000Z,SELL,LIMIT,55.83,200000,,DAY,,,YPnqUe0Va0ZHCJs5, ,F,Parcialmente ejecutada,55.83,44024,55.83,64806,135194,execution_report
5bf72c6e-50d1-45ce-a238-5c5c90e2737b,01K81AYSWEJEDTTP196EVXT4CG,17825,bm_MERV_AL30D_24hs,MERV - XMEV - AL30D - 24hs,2025-10-20 17:34:11.492000Z,SELL,LIMIT,55.83,200000,,DAY,,,YPnqUe0Va0ZHCJs5, ,F,Parcialmente ejecutada,55.83,5,55.83,64811,135189,execution_report
dae028b0-b65d-4aa0-8bd1-8feae134ed6d,01K81AYSWEJEDTTP196EVXT4CG,17825,bm_MERV_AL30D_24hs,MERV - XMEV - AL30D - 24hs,2025-10-20 17:34:11.678000Z,SELL,LIMIT,55.83,200000,,DAY,,,YPnqUe0Va0ZHCJs5, ,F,Parcialmente ejecutada,55.83,26891,55.83,91702,108298,execution_report
4eeb5661-b8f8-468e-862a-3fce118ba631,01K81AYSWEJEDTTP196EVXT4CG,17825,bm_MERV_AL30D_24hs,MERV - XMEV - AL30D - 24hs,2025-10-20 17:34:19.650000Z,SELL,LIMIT,55.83,200000,,DAY,,,YPnqUe0Va0ZHCJs5, ,F,Parcialmente ejecutada,55.83,8298,55.83,100000,100000,execution_report
1adebad6-30f2-4462-83a3-5a399c68e851,01K81AYSWEJEDTTP196EVXT4CG,17825,bm_MERV_AL30D_24hs,MERV - XMEV - AL30D - 24hs,2025-10-20 17:34:20.505000Z,SELL,LIMIT,55.83,200000,,DAY,,,YPnqUe0Va0ZHCJs5, ,F,Ejecutada,55.83,100000,55.83,200000,0,execution_report
5ef0e3a5-f4dd-4677-b028-2d8ae39ce5b5,01K81ARBBGM3RFJAS7TX2W6VXW,17825,bm_MERV_GGAL_CI,MERV - XMEV - GGAL - CI,2025-10-20 17:34:23.572000Z,BUY,LIMIT,4992.5,5500,,DAY,,,HBy9e9tbak0ddFgB, ,F,Parcialmente ejecutada,4992.5,2,4992.5,30,5470,execution_report
41ac138b-e3b7-4be7-8ed3-9dcbd26a6f37,01K81ARBBGM3RFJAS7TX2W6VXW,17825,bm_MERV_GGAL_CI,MERV - XMEV - GGAL - CI,2025-10-20 17:34:47.302000Z,BUY,LIMIT,4992.5,5500,,DAY,,,HBy9e9tbak0ddFgB, ,F,Parcialmente ejecutada,4992.5,60,4992.5,90,5410,execution_report
03003870-ed7c-4afa-9713-cf925cce6c00,01K81ARBBGM3RFJAS7TX2W6VXW,17825,bm_MERV_GGAL_CI,MERV - XMEV - GGAL - CI,2025-10-20 17:34:51.949000Z,BUY,LIMIT,4992.5,5500,,DAY,,,HBy9e9tbak0ddFgB, ,F,Parcialmente ejecutada,4992.5,137,4992.5,227,5273,execution_report
e585f590-e113-474f-a482-76cd2ece43a2,01K81ARBBGM3RFJAS7TX2W6VXW,17825,bm_MERV_GGAL_CI,MERV - XMEV - GGAL - CI,2025-10-20 17:35:23.476000Z,BUY,LIMIT,4992.5,5500,,DAY,,,HBy9e9tbak0ddFgB, ,F,Parcialmente ejecutada,4992.5,248,4992.5,475,5025,execution_report
2344d07a-1e17-4fd5-9b76-50b468de4ff8,01K81ARBBGM3RFJAS7TX2W6VXW,17825,bm_MERV_GGAL_CI,MERV - XMEV - GGAL - CI,2025-10-20 17:35:23.476000Z,BUY,LIMIT,4992.5,5500,,DAY,,,HBy9e9tbak0ddFgB, ,F,Parcialmente ejecutada,4992.5,2247,4992.5,2722,2778,execution_report
7d82d273-fbd7-4874-b1e6-8e385aa8d350,01K81ARBBGM3RFJAS7TX2W6VXW,17825,bm_MERV_GGAL_CI,MERV - XMEV - GGAL - CI,2025-10-20 17:35:36.016000Z,BUY,LIMIT,4992.5,5500,,DAY,,,HBy9e9tbak0ddFgB, ,F,Parcialmente ejecutada,4992.5,1,4992.5,2723,2777,execution_report
31cc7578-9e5e-4f74-ad1f-a9a535f7b58c,01K81ARBBGM3RFJAS7TX2W6VXW,17825,bm_MERV_GGAL_CI,MERV - XMEV - GGAL - CI,2025-10-20 17:36:16.618246Z,BUY,LIMIT,4987.5,5500,,DAY,,,HBy9e9tbak0ddFgB, ,F,Parcialmente ejecutada,4992.5,1,4992.5,2723,2777,replace
77f11690-a249-4746-8afa-bb8e1f61e920,01K81B2Y800R10REG1MAXT3EH7,17825,bm_MERV_GGAL_CI,MERV - XMEV - GGAL - CI,2025-10-20 17:36:16.640000Z,BUY,LIMIT,4987.5,5500,,DAY,,,Ftwh1HTG7pEuiliS, ,5,Parcialmente ejecutada,0,0,4992.5,2723,2777,execution_report
61e7c0b9-64ee-489e-a147-858a07a10908,01K81B2Y800R10REG1MAXT3EH7,17825,bm_MERV_GGAL_CI,MERV - XMEV - GGAL - CI,2025-10-20 17:37:43.403000Z,BUY,LIMIT,4987.5,5500,,DAY,,,Ftwh1HTG7pEuiliS, ,F,Parcialmente ejecutada,4987.5,3,4992.4945,2726,2774,execution_report
73c99f2b-947f-4ae3-976d-1bbff3d822f1,01K81B2Y800R10REG1MAXT3EH7,17825,bm_MERV_GGAL_CI,MERV - XMEV - GGAL - CI,2025-10-20 17:39:04.985000Z,BUY,LIMIT,4987.5,5500,,DAY,,,Ftwh1HTG7pEuiliS, ,F,Parcialmente ejecutada,4987.5,472,4991.7573,3198,2302,execution_report
51ebdcd8-57d6-484c-b132-46c51a7b4fa7,01K81B2Y800R10REG1MAXT3EH7,17825,bm_MERV_GGAL_CI,MERV - XMEV - GGAL - CI,2025-10-20 17:39:09.117000Z,BUY,LIMIT,4987.5,5500,,DAY,,,Ftwh1HTG7pEuiliS, ,F,Parcialmente ejecutada,4987.5,13,4991.7401,3211,2289,execution_report
bb568cd9-7825-47b8-8f49-39b709002b06,01K81B2Y800R10REG1MAXT3EH7,17825,bm_MERV_GGAL_CI,MERV - XMEV - GGAL - CI,2025-10-20 17:39:09.136000Z,BUY,LIMIT,4987.5,5500,,DAY,,,Ftwh1HTG7pEuiliS, ,F,Parcialmente ejecutada,4987.5,10,4991.7269,3221,2279,execution_report
48235d06-ffae-427b-9887-68bfc68c2fc5,01K81B2Y800R10REG1MAXT3EH7,17825,bm_MERV_GGAL_CI,MERV - XMEV - GGAL - CI,2025-10-20 17:39:11.365000Z,BUY,LIMIT,4987.5,5500,,DAY,,,Ftwh1HTG7pEuiliS, ,F,Parcialmente ejecutada,4987.5,5,4991.7204,3226,2274,execution_report
7d5f1bb3-fabe-4154-a700-ce681ad6c334,01K81B2Y800R10REG1MAXT3EH7,17825,bm_MERV_GGAL_CI,MERV - XMEV - GGAL - CI,2025-10-20 17:39:11.388000Z,BUY,LIMIT,4987.5,5500,,DAY,,,Ftwh1HTG7pEuiliS, ,F,Parcialmente ejecutada,4987.5,4,4991.7152,3230,2270,execution_report
9a0feec9-b76e-4657-ab7d-ffc169bba875,01K81B2Y800R10REG1MAXT3EH7,17825,bm_MERV_GGAL_CI,MERV - XMEV - GGAL - CI,2025-10-20 17:39:24.426000Z,BUY,LIMIT,4987.5,5500,,DAY,,,Ftwh1HTG7pEuiliS, ,F,Parcialmente ejecutada,4987.5,13,4991.6983,3243,2257,execution_report
1939b88e-d4d9-4465-8e71-2e0d153e0a69,01K81B2Y800R10REG1MAXT3EH7,17825,bm_MERV_GGAL_CI,MERV - XMEV - GGAL - CI,2025-10-20 17:39:24.431000Z,BUY,LIMIT,4987.5,5500,,DAY,,,Ftwh1HTG7pEuiliS, ,F,Parcialmente ejecutada,4987.5,430,4991.2068,3673,1827,execution_report
ab588366-c7c2-4c6c-8549-e0b41c7fe548,01K81B2Y800R10REG1MAXT3EH7,17825,bm_MERV_GGAL_CI,MERV - XMEV - GGAL - CI,2025-10-20 17:39:24.431000Z,BUY,LIMIT,4987.5,5500,,DAY,,,Ftwh1HTG7pEuiliS, ,F,Ejecutada,4987.5,1827,4989.9755,5500,0,execution_report
4b6d4832-2237-45dc-918c-f870c9223e10,01K81B9B6XKTPMT25ZY7D2761K,17825,bm_MERV_GGAL_CI,MERV - XMEV - GGAL - CI,2025-10-20 17:46:44.571000Z,BUY,LIMIT,4977.5,2000,,DAY,,,fE8HsbG8yWRklxD3, ,F,Parcialmente ejecutada,4977.5,511,4977.5,511,1489,execution_report
bfd8c2f5-a0e1-4eb5-b058-79c94b9646ce,01K81B9B6XKTPMT25ZY7D2761K,17825,bm_MERV_GGAL_CI,MERV - XMEV - GGAL - CI,2025-10-20 17:47:03.667738Z,BUY,LIMIT,4975,2000,,DAY,,,fE8HsbG8yWRklxD3, ,F,Parcialmente ejecutada,4977.5,511,4977.5,511,1489,replace
e7f8aeff-5427-43ef-a752-e94372c136ec,01K81BPP4AGZ0HQBZJZEXZD8JZ,17825,bm_MERV_GGAL_CI,MERV - XMEV - GGAL - CI,2025-10-20 17:47:03.690000Z,BUY,LIMIT,4975,2000,,DAY,,,gupiSpnrNT5Gb1Tx, ,5,Parcialmente ejecutada,0,0,4977.5,511,1489,execution_report
a377f98b-5f4e-43d0-8abf-9cab3a0afed5,01K81BPP4AGZ0HQBZJZEXZD8JZ,17825,bm_MERV_GGAL_CI,MERV - XMEV - GGAL - CI,2025-10-20 17:47:21.035000Z,BUY,LIMIT,4975,2000,,DAY,,,gupiSpnrNT5Gb1Tx, ,F,Parcialmente ejecutada,4975,18,4977.415,529,1471,execution_report
b7403e49-5beb-4c83-8007-8526ea7496be,01K81BPP4AGZ0HQBZJZEXZD8JZ,17825,bm_MERV_GGAL_CI,MERV - XMEV - GGAL - CI,2025-10-20 17:47:21.177000Z,BUY,LIMIT,4975,2000,,DAY,,,gupiSpnrNT5Gb1Tx, ,F,Parcialmente ejecutada,4975,20,4977.327,549,1451,execution_report
248611c0-2f22-486d-957f-3dcc37cb72b6,01K81BPP4AGZ0HQBZJZEXZD8JZ,17825,bm_MERV_GGAL_CI,MERV - XMEV - GGAL - CI,2025-10-20 17:47:21.304000Z,BUY,LIMIT,4975,2000,,DAY,,,gupiSpnrNT5Gb1Tx, ,F,Parcialmente ejecutada,4975,20,4977.245,569,1431,execution_report
bf00203a-ce0a-4cfc-8114-46729cb28fa8,01K81BPP4AGZ0HQBZJZEXZD8JZ,17825,bm_MERV_GGAL_CI,MERV - XMEV - GGAL - CI,2025-10-20 17:47:21.430000Z,BUY,LIMIT,4975,2000,,DAY,,,gupiSpnrNT5Gb1Tx, ,F,Parcialmente ejecutada,4975,20,4977.169,589,1411,execution_report
d7c3c662-f89c-42c9-83d7-43e2992e98f2,01K81BPP4AGZ0HQBZJZEXZD8JZ,17825,bm_MERV_GGAL_CI,MERV - XMEV - GGAL - CI,2025-10-20 17:47:21.551000Z,BUY,LIMIT,4975,2000,,DAY,,,gupiSpnrNT5Gb1Tx, ,F,Parcialmente ejecutada,4975,20,4977.098,609,1391,execution_report
8f5dc891-f58a-42b4-8e3d-33db42c7f675,01K81BPP4AGZ0HQBZJZEXZD8JZ,17825,bm_MERV_GGAL_CI,MERV - XMEV - GGAL - CI,2025-10-20 17:47:21.685000Z,BUY,LIMIT,4975,2000,,DAY,,,gupiSpnrNT5Gb1Tx, ,F,Parcialmente ejecutada,4975,20,4977.031,629,1371,execution_report
80e705ef-825e-40c4-b8a0-a65e4fa24e67,01K81BPP4AGZ0HQBZJZEXZD8JZ,17825,bm_MERV_GGAL_CI,MERV - XMEV - GGAL - CI,2025-10-20 17:47:21.813000Z,BUY,LIMIT,4975,2000,,DAY,,,gupiSpnrNT5Gb1Tx, ,F,Parcialmente ejecutada,4975,20,4976.968,649,1351,execution_report
5835fe36-68a8-4448-889b-dd5120acbc71,01K81BPP4AGZ0HQBZJZEXZD8JZ,17825,bm_MERV_GGAL_CI,MERV - XMEV - GGAL - CI,2025-10-20 17:47:21.907000Z,BUY,LIMIT,4975,2000,,DAY,,,gupiSpnrNT5Gb1Tx, ,F,Ejecutada,4975,1351,4975.639,2000,0,execution_report
2c836d6b-9cf2-43e2-8b2b-b60945a1b187,01K81BAGD4R09BDEZ0668SJQH1,17825,bm_MERV_GGAL_24hs,MERV - XMEV - GGAL - 24hs,2025-10-20 17:47:41.521000Z,BUY,LIMIT,4967.5,6500,,DAY,,,haEZPEW02NdLN6X8, ,F,Parcialmente ejecutada,4967.5,200,4967.5,200,6300,execution_report
733cba26-c809-4a01-bee1-fd561c3a2def,01K81BAGD4R09BDEZ0668SJQH1,17825,bm_MERV_GGAL_24hs,MERV - XMEV - GGAL - 24hs,2025-10-20 17:47:49.312000Z,BUY,LIMIT,4967.5,6500,,DAY,,,haEZPEW02NdLN6X8, ,F,Parcialmente ejecutada,4967.5,300,4967.5,500,6000,execution_report
dee9859b-830e-45c3-ad04-6a1266d24446,01K81BAGD4R09BDEZ0668SJQH1,17825,bm_MERV_GGAL_24hs,MERV - XMEV - GGAL - 24hs,2025-10-20 17:47:57.401000Z,BUY,LIMIT,4967.5,6500,,DAY,,,haEZPEW02NdLN6X8, ,F,Parcialmente ejecutada,4967.5,389,4967.5,889,5611,execution_report
2deb2df9-8069-4e2c-b6a8-5daeeaf33870,01K81BAGD4R09BDEZ0668SJQH1,17825,bm_MERV_GGAL_24hs,MERV - XMEV - GGAL - 24hs,2025-10-20 17:48:02.182000Z,BUY,LIMIT,4967.5,6500,,DAY,,,haEZPEW02NdLN6X8, ,F,Parcialmente ejecutada,4967.5,100,4967.5,989,5511,execution_report
6adc3663-c4b9-440f-8b79-3bd22f266298,01K81BAGD4R09BDEZ0668SJQH1,17825,bm_MERV_GGAL_24hs,MERV - XMEV - GGAL - 24hs,2025-10-20 17:48:14.999000Z,BUY,LIMIT,4967.5,6500,,DAY,,,haEZPEW02NdLN6X8, ,F,Parcialmente ejecutada,4967.5,11,4967.5,1000,5500,execution_report
44f3f140-0fb7-4e82-8077-a57a7d4c139c,01K81BAGD4R09BDEZ0668SJQH1,17825,bm_MERV_GGAL_24hs,MERV - XMEV - GGAL - 24hs,2025-10-20 17:48:14.999000Z,BUY,LIMIT,4967.5,6500,,DAY,,,haEZPEW02NdLN6X8, ,F,Parcialmente ejecutada,4967.5,312,4967.5,1312,5188,execution_report
3f728bf8-fdbf-4415-bc24-eceb6c03fb09,01K81BAGD4R09BDEZ0668SJQH1,17825,bm_MERV_GGAL_24hs,MERV - XMEV - GGAL - 24hs,2025-10-20 17:48:15.019000Z,BUY,LIMIT,4967.5,6500,,DAY,,,haEZPEW02NdLN6X8, ,F,Parcialmente ejecutada,4967.5,400,4967.5,1712,4788,execution_report
596ba8e1-2831-4c22-afbe-e0517012f4d6,01K81BAGD4R09BDEZ0668SJQH1,17825,bm_MERV_GGAL_24hs,MERV - XMEV - GGAL - 24hs,2025-10-20 17:48:19.648000Z,BUY,LIMIT,4967.5,6500,,DAY,,,haEZPEW02NdLN6X8, ,F,Parcialmente ejecutada,4967.5,29,4967.5,1741,4759,execution_report
9ac9a55d-2da2-4d46-8be2-718ebb5cb851,01K81BAGD4R09BDEZ0668SJQH1,17825,bm_MERV_GGAL_24hs,MERV - XMEV - GGAL - 24hs,2025-10-20 17:48:40.753111Z,BUY,LIMIT,4970,6500,,DAY,,,haEZPEW02NdLN6X8, ,F,Parcialmente ejecutada,4967.5,29,4967.5,1741,4759,replace
6f0377b3-fea2-4027-b398-5f6ca04c23f5,01K81BSMZHH8H0QHT8YW43GZQP,17825,bm_MERV_GGAL_24hs,MERV - XMEV - GGAL - 24hs,2025-10-20 17:48:40.817000Z,BUY,LIMIT,4970,6500,,DAY,,,96oY7zpu39EiQZv5, ,5,Parcialmente ejecutada,0,0,4967.5,1741,4759,execution_report
e10c3f13-b84e-4bda-b6e0-aefcc74754d0,01K81BSMZHH8H0QHT8YW43GZQP,17825,bm_MERV_GGAL_24hs,MERV - XMEV - GGAL - 24hs,2025-10-20 17:48:40.817000Z,BUY,LIMIT,4970,6500,,DAY,,,96oY7zpu39EiQZv5, ,F,Ejecutada,4970,4759,4969.33,6500,0,execution_report
57be5fa4-a685-4727-b30d-8d633f5535e6,01K81DMN6J70R8WJ45Z97VZKYT,17825,bm_MERV_PESOS_1D,MERV - XMEV - PESOS - 1D,2025-10-20 18:20:54.380000Z,BUY,LIMIT,26.6,5000000,,DAY,,,dWJV8q2d7091EzUs, ,F,Ejecutada,26.6,5000000,26.6,5000000,0,execution_report
20c646b3-8d50-4000-83c2-cc635efe538a,01K81DT0CG55KK4694FCN04SCS,17825,bm_MERV_PESOS_11D,MERV - XMEV - PESOS - 11D,2025-10-20 18:23:49.670000Z,BUY,LIMIT,42.79,20000000,,DAY,,,msl2org5MZu31x1x, ,F,Ejecutada,42.79,20000000,42.79,20000000,0,execution_report
d5fb0f3c-b140-469f-8b7b-4a696222156f,01K81DV47CFQRH31PXT22APGPB,17825,bm_MERV_PESOS_1D,MERV - XMEV - PESOS - 1D,2025-10-20 18:24:29.117000Z,BUY,LIMIT,26.1,2000000,,DAY,,,6AZCFUkUyKinXPZ8, ,F,Ejecutada,26.1,2000000,26.1,2000000,0,execution_report
f3b5bd79-740b-41e1-833f-59af2665b423,01K81DVMHR9XF96AW00CGM9FET,17825,bm_MERV_PESOS_1D,MERV - XMEV - PESOS - 1D,2025-10-20 18:24:43.087000Z,BUY,LIMIT,26.1,500000,,DAY,,,YL0gGCj94QCzxvdJ, ,F,Ejecutada,26.1,500000,26.1,500000,0,execution_report
40129642-38c4-4b45-8414-bf84c19307b6,01K81DW9EDZQTZYV7NRMD954XD,17825,bm_MERV_PESOS_1D,MERV - XMEV - PESOS - 1D,2025-10-20 18:25:04.633000Z,BUY,LIMIT,26.11,1000000,,DAY,,,ofBYop394OrXOJcm, ,F,Parcialmente ejecutada,26.11,814388,26.11,814388,185612,execution_report
20d15b51-cb45-4d09-b7d1-99c48e006094,01K81DW9EDZQTZYV7NRMD954XD,17825,bm_MERV_PESOS_1D,MERV - XMEV - PESOS - 1D,2025-10-20 18:25:04.674000Z,BUY,LIMIT,26.11,1000000,,DAY,,,ofBYop394OrXOJcm, ,F,Ejecutada,26.11,185612,26.11,1000000,0,execution_report
97890df0-c31d-4355-acdc-fbee80a129c5,01K81DX7FKPFXNZ2FHAXVGV4NA,17825,bm_MERV_PESOS_1D,MERV - XMEV - PESOS - 1D,2025-10-20 18:25:36.643000Z,BUY,LIMIT,25.52,100000,,DAY,,,jBBpF65ybu6FjvRW, ,F,Ejecutada,25.52,100000,25.52,100000,0,execution_report
3c8f8e48-fb4c-4153-aaf9-378d77f90501,01K81EZ2ECBN6GMS2KFF7E3AE0,17825,bm_MERV_TZXD6_CI,MERV - XMEV - TZXD6 - CI,2025-10-20 18:44:04.172000Z,SELL,LIMIT,190.6,125000,,DAY,,,499545844021551, ,F,Ejecutada,190.6,125000,190.6,125000,0,execution_report
01e3d071-7953-49cd-be9f-07e01d4606a9,01K81EZ2J75FA8YGX0VYV03DQQ,17825,bm_MERV_TZXD6_24hs,MERV - XMEV - TZXD6 - 24hs,2025-10-20 18:44:04.295000Z,BUY,LIMIT,190.5,125000,,DAY,,,499545844021567, ,F,Ejecutada,190.5,125000,190.5,125000,0,execution_report
096e9f5b-42e2-462e-9ef0-52348f7404c7,01K81FHYSM3DFABGFB9WPVMW3N,17825,bm_MERV_DOLAR_1D,MERV - XMEV - DOLAR - 1D,2025-10-20 18:54:23.057000Z,SELL,LIMIT,0.6,84200,,DAY,,,zl42Mvw2E1CrhJS8, ,F,Ejecutada,0.6,84200,0.6,84200,0,execution_report
79630123-28f9-4f53-8e70-3ee5a1bebd8c,01K81G11JBJXD9CDMF4YBET7DY,17825,bm_MERV_D31O5_CI,MERV - XMEV - D31O5 - CI,2025-10-20 19:02:37.387000Z,SELL,LIMIT,140320,515,,DAY,,,499546957022198, ,F,Ejecutada,140320,515,140320,515,0,execution_report
5407e702-297d-450a-bee4-2e443e5267e4,01K81G11P5N5QH0R3EP9KDZTF4,17825,bm_MERV_D31O5_24hs,MERV - XMEV - D31O5 - 24hs,2025-10-20 19:02:37.509000Z,BUY,LIMIT,140300,515,,DAY,,,499546957022219, ,F,Ejecutada,140300,515,140300,515,0,execution_report
743e1f61-96ec-4cff-8d7f-c18b72440e9d,01K81G4TQ0PN8RB9Y4827JDJXJ,17825,bm_MERV_AL30D_24hs,MERV - XMEV - AL30D - 24hs,2025-10-20 19:04:49.957000Z,BUY,LIMIT,55.55,50000,,DAY,,,EUmzjPtVp4GvaGul, ,F,Parcialmente ejecutada,55.55,26354,55.55,26354,23646,execution_report
17d4ed0a-f8a1-4a05-a8c8-8b0188f36f54,01K81GK45YE01ZD9Y43KCRDGBW,17825,bm_MERV_D31O5_CI,MERV - XMEV - D31O5 - CI,2025-10-20 19:12:29.886000Z,SELL,LIMIT,140300,3916,,DAY,,,499547549022822, ,F,Ejecutada,140300,3916,140300,3916,0,execution_report
39139b00-e4b6-427a-a2be-dee3d5b84638,01K81GK48XGEVHQ8CXN1HMERNH,17825,bm_MERV_D31O5_24hs,MERV - XMEV - D31O5 - 24hs,2025-10-20 19:12:29.981000Z,BUY,LIMIT,140300,3916,,DAY,,,499547549022826, ,F,Ejecutada,140300,3916,140300,3916,0,execution_report
e9c2b641-d20d-462a-860a-29555bb42213,01K81G4TQ0PN8RB9Y4827JDJXJ,17825,bm_MERV_AL30D_24hs,MERV - XMEV - AL30D - 24hs,2025-10-20 19:15:26.926000Z,BUY,LIMIT,55.55,50000,,DAY,,,EUmzjPtVp4GvaGul, ,F,Parcialmente ejecutada,55.55,490,55.55,26844,23156,execution_report
2668b8d9-be3f-449e-9975-541e99711736,01K81G4TQ0PN8RB9Y4827JDJXJ,17825,bm_MERV_AL30D_24hs,MERV - XMEV - AL30D - 24hs,2025-10-20 19:15:27.078000Z,BUY,LIMIT,55.55,50000,,DAY,,,EUmzjPtVp4GvaGul, ,F,Parcialmente ejecutada,55.55,848,55.55,27692,22308,execution_report
fdc9c2c1-ae36-418d-96b3-d4a5938142a5,01K81G4TQ0PN8RB9Y4827JDJXJ,17825,bm_MERV_AL30D_24hs,MERV - XMEV - AL30D - 24hs,2025-10-20 19:15:27.207000Z,BUY,LIMIT,55.55,50000,,DAY,,,EUmzjPtVp4GvaGul, ,F,Parcialmente ejecutada,55.55,2,55.55,27694,22306,execution_report
68674a6b-4935-4664-afd1-17f42e8a622f,01K81G4TQ0PN8RB9Y4827JDJXJ,17825,bm_MERV_AL30D_24hs,MERV - XMEV - AL30D - 24hs,2025-10-20 19:15:27.226000Z,BUY,LIMIT,55.55,50000,,DAY,,,EUmzjPtVp4GvaGul, ,F,Parcialmente ejecutada,55.55,151,55.55,27845,22155,execution_report
a8232d70-486e-4850-a26d-67238ba07258,01K81G4TQ0PN8RB9Y4827JDJXJ,17825,bm_MERV_AL30D_24hs,MERV - XMEV - AL30D - 24hs,2025-10-20 19:15:27.868000Z,BUY,LIMIT,55.55,50000,,DAY,,,EUmzjPtVp4GvaGul, ,F,Parcialmente ejecutada,55.55,3,55.55,27848,22152,execution_report
4c00a08d-3879-43da-a615-57edd7876aec,01K81G4TQ0PN8RB9Y4827JDJXJ,17825,bm_MERV_AL30D_24hs,MERV - XMEV - AL30D - 24hs,2025-10-20 19:15:29.219000Z,BUY,LIMIT,55.55,50000,,DAY,,,EUmzjPtVp4GvaGul, ,F,Parcialmente ejecutada,55.55,20,55.55,27868,22132,execution_report
1985b720-286b-4092-baab-3674137dc2be,01K81G4TQ0PN8RB9Y4827JDJXJ,17825,bm_MERV_AL30D_24hs,MERV - XMEV - AL30D - 24hs,2025-10-20 19:15:31.126000Z,BUY,LIMIT,55.55,50000,,DAY,,,EUmzjPtVp4GvaGul, ,F,Ejecutada,55.55,22132,55.55,50000,0,execution_report
b04f16eb-187d-4a54-ade4-adc5ec41ea9e,01K81GV3Q30XYM59MV7J44DY9V,17825,bm_MERV_D31O5_CI,MERV - XMEV - D31O5 - CI,2025-10-20 19:16:51.555000Z,SELL,LIMIT,140220,5000,,DAY,,,499547811023127, ,F,Ejecutada,140220,5000,140220,5000,0,execution_report
9b0e56e5-6f8a-46b2-a345-b6b47c7d7362,01K81GV3XGADRTMGHNXGVEEJ5Z,17825,bm_MERV_D31O5_24hs,MERV - XMEV - D31O5 - 24hs,2025-10-20 19:16:51.760000Z,BUY,LIMIT,140200,5000,,DAY,,,499547811023149, ,F,Ejecutada,140200,5000,140200,5000,0,execution_report
0178f674-2fa9-4fa4-9248-3f7bea980839,01K81GV68YH8ZBRW2P2A3RVXBT,17825,bm_MERV_D31O5_CI,MERV - XMEV - D31O5 - CI,2025-10-20 19:16:54.174000Z,SELL,LIMIT,140220,1794,,DAY,,,499547814023153, ,F,Ejecutada,140220,1794,140220,1794,0,execution_report
632fcb37-4c32-4a65-a65c-dce2f38ca9d3,01K81GV6JDFT5KG7W56ZMQWKT0,17825,bm_MERV_D31O5_24hs,MERV - XMEV - D31O5 - 24hs,2025-10-20 19:16:54.477000Z,BUY,LIMIT,140200,1794,,DAY,,,499547814023177, ,F,Ejecutada,140200,1794,140200,1794,0,execution_report
8152be5e-0aee-4840-a32c-4d6056298ab4,01K81GV8T45QQV9A10KS1CASG9,17825,bm_MERV_D31O5_CI,MERV - XMEV - D31O5 - CI,2025-10-20 19:16:56.772000Z,SELL,LIMIT,140200,5000,,DAY,,,499547816023208, ,F,Ejecutada,140200,5000,140200,5000,0,execution_report
e04a70d4-2c44-4ae0-8bf8-b7b7031bffbe,01K81GV8WYEM8870SWB2M1209K,17825,bm_MERV_D31O5_24hs,MERV - XMEV - D31O5 - 24hs,2025-10-20 19:16:56.862000Z,BUY,LIMIT,140200,5000,,DAY,,,499547816023211, ,F,Ejecutada,140200,5000,140200,5000,0,execution_report
f1d0fad0-ec89-493a-a56e-9531a79d6fdf,01K81GVB4AGAAJ78XRNCE5JFR6,17825,bm_MERV_D31O5_CI,MERV - XMEV - D31O5 - CI,2025-10-20 19:16:59.146000Z,SELL,LIMIT,140200,5000,,DAY,,,499547819023227, ,F,Ejecutada,140200,5000,140200,5000,0,execution_report
86d4e3a3-5d77-47f3-b2bb-7573c8476ce3,01K81GVBNH8XXRZBRXH00WPXFQ,17825,bm_MERV_D31O5_24hs,MERV - XMEV - D31O5 - 24hs,2025-10-20 19:16:59.697000Z,BUY,LIMIT,140200,5000,,DAY,,,499547819023247, ,F,Ejecutada,140200,5000,140200,5000,0,execution_report
c28e7e16-d865-40ba-847a-ef5c5890de42,01K81GVE5BME514BMR6XK9662K,17825,bm_MERV_D31O5_CI,MERV - XMEV - D31O5 - CI,2025-10-20 19:17:02.251000Z,SELL,LIMIT,140200,606,,DAY,,,499547822023259, ,F,Ejecutada,140200,606,140200,606,0,execution_report
39197925-d6e8-4aba-af0f-515bc9fb8653,01K81GVES5GEV3S6Q1V12G9RTK,17825,bm_MERV_D31O5_24hs,MERV - XMEV - D31O5 - 24hs,2025-10-20 19:17:02.885000Z,BUY,LIMIT,140200,606,,DAY,,,499547822023267, ,F,Ejecutada,140200,606,140200,606,0,execution_report
0dc0cc9f-21b3-4a02-8cc6-0146dc45cd1a,01K81H0WK5YGGRMJAF8R9SPRKD,17825,bm_MERV_D31O5_CI,MERV - XMEV - D31O5 - CI,2025-10-20 19:20:00.869000Z,SELL,LIMIT,140210,648,,DAY,,,499548000023596, ,F,Ejecutada,140210,648,140210,648,0,execution_report
8b86def2-20ef-446c-bdeb-7f054022ef83,01K81H0WSQ1NK96ASC1PXN1BBN,17825,bm_MERV_D31O5_24hs,MERV - XMEV - D31O5 - 24hs,2025-10-20 19:20:01.079000Z,BUY,LIMIT,140020,648,,DAY,,,499548001023605, ,F,Ejecutada,140020,648,140020,648,0,execution_report
d9a438e7-f05c-42aa-b19e-84bf8d703893,01K81HSBGFP20GHVTXQ3J7NB1K,17825,bm_MERV_PESOS_1D,MERV - XMEV - PESOS - 1D,2025-10-20 19:33:30.495000Z,SELL,LIMIT,22.89,30000000,,DAY,,,0HyGfdqd5QgNr03G, ,F,Ejecutada,22.89,30000000,22.89,30000000,0,execution_report
15b01b23-2946-4bc1-9edb-ef65b910292b,01K81HSZRYBBY20NW25NSSVPHB,17825,bm_MERV_PESOS_1D,MERV - XMEV - PESOS - 1D,2025-10-20 19:33:43.352000Z,SELL,LIMIT,23,1000000,,DAY,,,sEcQTGc2osRF5Q18, ,F,Ejecutada,23,1000000,23,1000000,0,execution_report
d326380a-efab-44f4-b038-1c772240438b,01K81HTCZY1T9YZNT3AQAA83MC,17825,bm_MERV_PESOS_1D,MERV - XMEV - PESOS - 1D,2025-10-20 19:33:56.886000Z,SELL,LIMIT,23,500000,,DAY,,,EBpwcTcF1DLKFZEp, ,F,Ejecutada,23,500000,23,500000,0,execution_report
303b4967-9783-4c70-8ef1-2b475bf5fb7c,01K81HV1WHRDQ0K8BQ2XGH8EK0,17825,bm_MERV_PESOS_1D,MERV - XMEV - PESOS - 1D,2025-10-20 19:34:18.286000Z,SELL,LIMIT,22.05,100000,,DAY,,,6dF47I4eC7Tc0PHN, ,F,Ejecutada,22.05,100000,22.05,100000,0,execution_report
8add9da9-db31-43d5-8bdb-f346f11ccaee,01K81HV6TJ35W73BKQBGMPNZKM,17825,bm_MERV_PESOS_1D,MERV - XMEV - PESOS - 1D,2025-10-20 19:34:23.334000Z,SELL,LIMIT,22.05,100000,,DAY,,,GFPxta6nuO0agvPg, ,F,Ejecutada,22.05,100000,22.05,100000,0,execution_report
d6f6d934-9b07-42a9-ac7f-db3f8dcc3d41,01K81HZ6ZYYG0HTA4PPTMYYFTP,17825,bm_MERV_D31O5_CI,MERV - XMEV - D31O5 - CI,2025-10-20 19:36:34.558000Z,SELL,LIMIT,140000,1551,,DAY,,,499548994026146, ,F,Ejecutada,140000,1551,140000,1551,0,execution_report
4cfece62-bdd6-4f88-aa2a-43c1c6f4b663,01K81HZ7AB556RT22GGN8Q2NVH,17825,bm_MERV_D31O5_24hs,MERV - XMEV - D31O5 - 24hs,2025-10-20 19:36:34.891000Z,BUY,LIMIT,140000,1551,,DAY,,,499548994026166, ,F,Ejecutada,140000,1551,140000,1551,0,execution_report
6dab9204-6ea1-411f-bf63-ceb76a70cbe3,01K81J0PCYGX7SC9AFJ8JKTMYF,17825,bm_MERV_PESOS_1D,MERV - XMEV - PESOS - 1D,2025-10-20 19:37:23.120000Z,SELL,LIMIT,22.75,2000000,,DAY,,,IKSDzbEMvUs34pAO, ,F,Ejecutada,22.75,2000000,22.75,2000000,0,execution_report
02f6a0cd-727d-457c-abfb-1f71a517b55c,01K81J0YRHTEQM8Z4CN84TYPJ7,17825,bm_MERV_PESOS_1D,MERV - XMEV - PESOS - 1D,2025-10-20 19:37:31.686000Z,SELL,LIMIT,22.75,100000,,DAY,,,OK8WiRgM9NaZmHWC, ,F,Ejecutada,22.75,100000,22.75,100000,0,execution_report
3b4d181a-dbe2-4355-8111-56cf001b99bb,01K81J13MWZ4ZT79F8HGA8XKJY,17825,bm_MERV_PESOS_1D,MERV - XMEV - PESOS - 1D,2025-10-20 19:37:36.687000Z,SELL,LIMIT,22.75,100000,,DAY,,,g3JWG1Y6smdct3RO, ,F,Ejecutada,22.75,100000,22.75,100000,0,execution_report
928a594f-f3fc-4ad5-97c7-b724db3b1de7,01K81JQASENSCV6EHRX9VHQ6GF,17825,bm_MERV_AL30D_24hs,MERV - XMEV - AL30D - 24hs,2025-10-20 19:49:44.897000Z,BUY,LIMIT,56.9,150000,,DAY,,,AVTva1P2l5fJ0mnb, ,F,Parcialmente ejecutada,56.9,2074,56.9,2074,147926,execution_report
61fc22e0-b880-4c7f-a75f-1426f28ed6de,01K81JQASENSCV6EHRX9VHQ6GF,17825,bm_MERV_AL30D_24hs,MERV - XMEV - AL30D - 24hs,2025-10-20 19:49:44.897000Z,BUY,LIMIT,56.9,150000,,DAY,,,AVTva1P2l5fJ0mnb, ,F,Parcialmente ejecutada,56.9,4379,56.9,6453,143547,execution_report
502d6631-f234-4380-97e6-68ca3a233a6d,01K81JQASENSCV6EHRX9VHQ6GF,17825,bm_MERV_AL30D_24hs,MERV - XMEV - AL30D - 24hs,2025-10-20 19:49:44.903000Z,BUY,LIMIT,56.9,150000,,DAY,,,AVTva1P2l5fJ0mnb, ,F,Parcialmente ejecutada,56.9,971,56.9,7424,142576,execution_report
a8788061-0655-45b8-b9ff-80cc16431b8f,01K81JQASENSCV6EHRX9VHQ6GF,17825,bm_MERV_AL30D_24hs,MERV - XMEV - AL30D - 24hs,2025-10-20 19:49:44.904000Z,BUY,LIMIT,56.9,150000,,DAY,,,AVTva1P2l5fJ0mnb, ,F,Parcialmente ejecutada,56.9,96,56.9,7520,142480,execution_report
7be266fb-e927-444e-a503-9c86a90276b5,01K81JQASENSCV6EHRX9VHQ6GF,17825,bm_MERV_AL30D_24hs,MERV - XMEV - AL30D - 24hs,2025-10-20 19:49:50.675139Z,BUY,LIMIT,56.92,150000,,DAY,,,AVTva1P2l5fJ0mnb, ,F,Parcialmente ejecutada,56.9,96,56.9,7520,142480,replace
87b0fc4d-75b3-4a6d-9c78-abf6ea8240b9,01K81JQGFA9JXHQW0V4AEP4X36,17825,bm_MERV_AL30D_24hs,MERV - XMEV - AL30D - 24hs,2025-10-20 19:49:50.698000Z,BUY,LIMIT,56.92,150000,,DAY,,,Fy1jm4SOkbA5o5yc, ,F,Parcialmente ejecutada,56.92,2559,56.90864,13244,136756,execution_report
d932d089-82da-461d-b586-7a3a16f22776,01K81JQGFA9JXHQW0V4AEP4X36,17825,bm_MERV_AL30D_24hs,MERV - XMEV - AL30D - 24hs,2025-10-20 19:49:50.698000Z,BUY,LIMIT,56.92,150000,,DAY,,,Fy1jm4SOkbA5o5yc, ,F,Parcialmente ejecutada,56.92,2559,56.90592,10685,139315,execution_report
974f07ea-312a-4d2d-a588-259d00bdbb32,01K81JQGFA9JXHQW0V4AEP4X36,17825,bm_MERV_AL30D_24hs,MERV - XMEV - AL30D - 24hs,2025-10-20 19:49:50.698000Z,BUY,LIMIT,56.92,150000,,DAY,,,Fy1jm4SOkbA5o5yc, ,F,Parcialmente ejecutada,56.92,606,56.90149,8126,141874,execution_report
d371b4fa-e290-4908-970c-c3b9bd322cd2,01K81JQGFA9JXHQW0V4AEP4X36,17825,bm_MERV_AL30D_24hs,MERV - XMEV - AL30D - 24hs,2025-10-20 19:49:50.698000Z,BUY,LIMIT,56.92,150000,,DAY,,,Fy1jm4SOkbA5o5yc, ,5,Parcialmente ejecutada,0,0,56.9,7520,142480,execution_report
fa22fbd7-4156-4dab-b59d-5b4c354acddc,01K81JQGFA9JXHQW0V4AEP4X36,17825,bm_MERV_AL30D_24hs,MERV - XMEV - AL30D - 24hs,2025-10-20 19:49:50.704000Z,BUY,LIMIT,56.92,150000,,DAY,,,Fy1jm4SOkbA5o5yc, ,F,Parcialmente ejecutada,56.92,2559,56.91048,15803,134197,execution_report
f0f3f09d-adfa-49e6-b4d1-9a5df7f596fe,01K81JQGFA9JXHQW0V4AEP4X36,17825,bm_MERV_AL30D_24hs,MERV - XMEV - AL30D - 24hs,2025-10-20 19:49:50.730000Z,BUY,LIMIT,56.92,150000,,DAY,,,Fy1jm4SOkbA5o5yc, ,F,Parcialmente ejecutada,56.92,5000,56.91277,20803,129197,execution_report
3e1f5619-4826-4fdd-b20d-211314483f76,01K81JQGFA9JXHQW0V4AEP4X36,17825,bm_MERV_AL30D_24hs,MERV - XMEV - AL30D - 24hs,2025-10-20 19:49:50.737000Z,BUY,LIMIT,56.92,150000,,DAY,,,Fy1jm4SOkbA5o5yc, ,F,Parcialmente ejecutada,56.92,265,56.91286,21068,128932,execution_report
0899fcfc-97af-4274-8f84-60266b6da82e,01K81JQGFA9JXHQW0V4AEP4X36,17825,bm_MERV_AL30D_24hs,MERV - XMEV - AL30D - 24hs,2025-10-20 19:49:50.740000Z,BUY,LIMIT,56.92,150000,,DAY,,,Fy1jm4SOkbA5o5yc, ,F,Parcialmente ejecutada,56.92,5000,56.91423,26068,123932,execution_report
d0e4bcfa-d971-4787-97e9-7113f62e1b51,01K81JQGFA9JXHQW0V4AEP4X36,17825,bm_MERV_AL30D_24hs,MERV - XMEV - AL30D - 24hs,2025-10-20 19:49:50.749000Z,BUY,LIMIT,56.92,150000,,DAY,,,Fy1jm4SOkbA5o5yc, ,F,Parcialmente ejecutada,56.92,3874,56.91498,29942,120058,execution_report
93e4c893-4331-4cf6-9b11-69ee331d8041,01K81JQGFA9JXHQW0V4AEP4X36,17825,bm_MERV_AL30D_24hs,MERV - XMEV - AL30D - 24hs,2025-10-20 19:49:50.796000Z,BUY,LIMIT,56.92,150000,,DAY,,,Fy1jm4SOkbA5o5yc, ,F,Parcialmente ejecutada,56.92,8874,56.91613,38816,111184,execution_report
c1c9129a-cd0b-49b1-b00b-c7bf1a41afaf,01K81JQGFA9JXHQW0V4AEP4X36,17825,bm_MERV_AL30D_24hs,MERV - XMEV - AL30D - 24hs,2025-10-20 19:49:50.941000Z,BUY,LIMIT,56.92,150000,,DAY,,,Fy1jm4SOkbA5o5yc, ,F,Parcialmente ejecutada,56.92,5000,56.91657,43816,106184,execution_report
79461aa4-b22b-4383-a6c0-958a11935367,01K81JQGFA9JXHQW0V4AEP4X36,17825,bm_MERV_AL30D_24hs,MERV - XMEV - AL30D - 24hs,2025-10-20 19:49:50.949000Z,BUY,LIMIT,56.92,150000,,DAY,,,Fy1jm4SOkbA5o5yc, ,F,Parcialmente ejecutada,56.92,5000,56.91692,48816,101184,execution_report
b6e640d4-957b-40e5-aad5-b2e43a2537d5,01K81JQGFA9JXHQW0V4AEP4X36,17825,bm_MERV_AL30D_24hs,MERV - XMEV - AL30D - 24hs,2025-10-20 19:49:50.950000Z,BUY,LIMIT,56.92,150000,,DAY,,,Fy1jm4SOkbA5o5yc, ,F,Parcialmente ejecutada,56.92,12800,56.91756,61616,88384,execution_report
89d35f8d-8daa-4540-a4f9-aed453abe7fc,01K81JQGFA9JXHQW0V4AEP4X36,17825,bm_MERV_AL30D_24hs,MERV - XMEV - AL30D - 24hs,2025-10-20 19:49:50.954000Z,BUY,LIMIT,56.92,150000,,DAY,,,Fy1jm4SOkbA5o5yc, ,F,Parcialmente ejecutada,56.92,5000,56.91774,66616,83384,execution_report
b1914ef8-a8e8-43df-ac25-feb121c88381,01K81JQGFA9JXHQW0V4AEP4X36,17825,bm_MERV_AL30D_24hs,MERV - XMEV - AL30D - 24hs,2025-10-20 19:49:50.971000Z,BUY,LIMIT,56.92,150000,,DAY,,,Fy1jm4SOkbA5o5yc, ,F,Parcialmente ejecutada,56.92,1230,56.91778,67846,82154,execution_report
2cf45605-0773-454e-907d-0b06f65ce0fe,01K81JQGFA9JXHQW0V4AEP4X36,17825,bm_MERV_AL30D_24hs,MERV - XMEV - AL30D - 24hs,2025-10-20 19:49:51.002000Z,BUY,LIMIT,56.92,150000,,DAY,,,Fy1jm4SOkbA5o5yc, ,F,Parcialmente ejecutada,56.92,1230,56.91782,69076,80924,execution_report
892714d1-22b8-4b52-a0e9-1967c2e3b23c,01K81JQGFA9JXHQW0V4AEP4X36,17825,bm_MERV_AL30D_24hs,MERV - XMEV - AL30D - 24hs,2025-10-20 19:49:51.214000Z,BUY,LIMIT,56.92,150000,,DAY,,,Fy1jm4SOkbA5o5yc, ,F,Parcialmente ejecutada,56.92,802,56.91785,69878,80122,execution_report
43e00748-d593-408d-a82f-75e8332afafe,01K81JQGFA9JXHQW0V4AEP4X36,17825,bm_MERV_AL30D_24hs,MERV - XMEV - AL30D - 24hs,2025-10-20 19:49:51.214000Z,BUY,LIMIT,56.92,150000,,DAY,,,Fy1jm4SOkbA5o5yc, ,F,Parcialmente ejecutada,56.92,802,56.91787,70680,79320,execution_report
ff094072-5ea1-474c-b5c4-e9d1a3092f9a,01K81JQGFA9JXHQW0V4AEP4X36,17825,bm_MERV_AL30D_24hs,MERV - XMEV - AL30D - 24hs,2025-10-20 19:49:51.237000Z,BUY,LIMIT,56.92,150000,,DAY,,,Fy1jm4SOkbA5o5yc, ,F,Parcialmente ejecutada,56.92,802,56.9179,71482,78518,execution_report
d1f6c22d-f229-463d-9370-769702d4b47e,01K81JQGFA9JXHQW0V4AEP4X36,17825,bm_MERV_AL30D_24hs,MERV - XMEV - AL30D - 24hs,2025-10-20 19:49:51.340000Z,BUY,LIMIT,56.92,150000,,DAY,,,Fy1jm4SOkbA5o5yc, ,F,Parcialmente ejecutada,56.92,4948,56.91803,76430,73570,execution_report
9c63c48a-c610-4ff7-99e1-1ee5be66b727,01K81JQGFA9JXHQW0V4AEP4X36,17825,bm_MERV_AL30D_24hs,MERV - XMEV - AL30D - 24hs,2025-10-20 19:49:51.340000Z,BUY,LIMIT,56.92,150000,,DAY,,,Fy1jm4SOkbA5o5yc, ,F,Parcialmente ejecutada,56.92,4948,56.91815,81378,68622,execution_report
22b66527-2086-4629-b584-3c49a0168aa1,01K81JQGFA9JXHQW0V4AEP4X36,17825,bm_MERV_AL30D_24hs,MERV - XMEV - AL30D - 24hs,2025-10-20 19:49:51.373000Z,BUY,LIMIT,56.92,150000,,DAY,,,Fy1jm4SOkbA5o5yc, ,F,Parcialmente ejecutada,56.92,76,56.91815,81454,68546,execution_report
df043691-2dd2-4465-aa01-3afc9bfc4f8b,01K81JQGFA9JXHQW0V4AEP4X36,17825,bm_MERV_AL30D_24hs,MERV - XMEV - AL30D - 24hs,2025-10-20 19:49:51.388000Z,BUY,LIMIT,56.92,150000,,DAY,,,Fy1jm4SOkbA5o5yc, ,F,Parcialmente ejecutada,56.92,76,56.91816,81530,68470,execution_report
36e7288e-7138-4bec-a741-358f77358900,01K81JQGFA9JXHQW0V4AEP4X36,17825,bm_MERV_AL30D_24hs,MERV - XMEV - AL30D - 24hs,2025-10-20 19:49:51.393000Z,BUY,LIMIT,56.92,150000,,DAY,,,Fy1jm4SOkbA5o5yc, ,F,Parcialmente ejecutada,56.92,76,56.91816,81606,68394,execution_report
c576a3a4-2a68-4028-883a-83c806d3a0df,01K81JQGFA9JXHQW0V4AEP4X36,17825,bm_MERV_AL30D_24hs,MERV - XMEV - AL30D - 24hs,2025-10-20 19:49:51.507000Z,BUY,LIMIT,56.92,150000,,DAY,,,Fy1jm4SOkbA5o5yc, ,F,Parcialmente ejecutada,56.92,4606,56.91826,86212,63788,execution_report
1bf677f0-2e63-4f42-8c61-c486041f1409,01K81JQGFA9JXHQW0V4AEP4X36,17825,bm_MERV_AL30D_24hs,MERV - XMEV - AL30D - 24hs,2025-10-20 19:49:51.764000Z,BUY,LIMIT,56.92,150000,,DAY,,,Fy1jm4SOkbA5o5yc, ,F,Parcialmente ejecutada,56.92,274,56.91826,86486,63514,execution_report
49d8bdae-a08e-473e-bff7-2d83300936e6,01K81JQGFA9JXHQW0V4AEP4X36,17825,bm_MERV_AL30D_24hs,MERV - XMEV - AL30D - 24hs,2025-10-20 19:49:51.767000Z,BUY,LIMIT,56.92,150000,,DAY,,,Fy1jm4SOkbA5o5yc, ,F,Parcialmente ejecutada,56.92,274,56.91827,86760,63240,execution_report
64b6dbbf-f874-4580-a0eb-c99bd5e130df,01K81JQGFA9JXHQW0V4AEP4X36,17825,bm_MERV_AL30D_24hs,MERV - XMEV - AL30D - 24hs,2025-10-20 19:49:52.193000Z,BUY,LIMIT,56.92,150000,,DAY,,,Fy1jm4SOkbA5o5yc, ,F,Parcialmente ejecutada,56.92,127,56.91827,86887,63113,execution_report
42f747a0-b115-4bd8-86da-64bae63aed8b,01K81JQGFA9JXHQW0V4AEP4X36,17825,bm_MERV_AL30D_24hs,MERV - XMEV - AL30D - 24hs,2025-10-20 19:49:52.568000Z,BUY,LIMIT,56.92,150000,,DAY,,,Fy1jm4SOkbA5o5yc, ,F,Parcialmente ejecutada,56.92,4948,56.91836,91835,58165,execution_report
eb01ebc6-67cc-4488-b639-c6463d9ba1f8,01K81JQGFA9JXHQW0V4AEP4X36,17825,bm_MERV_AL30D_24hs,MERV - XMEV - AL30D - 24hs,2025-10-20 19:49:52.569000Z,BUY,LIMIT,56.92,150000,,DAY,,,Fy1jm4SOkbA5o5yc, ,F,Parcialmente ejecutada,56.92,4948,56.91845,96783,53217,execution_report
a14a6b5c-b875-4463-b000-6b6694837681,01K81JQGFA9JXHQW0V4AEP4X36,17825,bm_MERV_AL30D_24hs,MERV - XMEV - AL30D - 24hs,2025-10-20 19:49:52.715000Z,BUY,LIMIT,56.92,150000,,DAY,,,Fy1jm4SOkbA5o5yc, ,F,Parcialmente ejecutada,56.92,4453,56.91851,101236,48764,execution_report
e539d2ea-6755-44c8-895c-72ff8e184c26,01K81JQGFA9JXHQW0V4AEP4X36,17825,bm_MERV_AL30D_24hs,MERV - XMEV - AL30D - 24hs,2025-10-20 19:49:52.715000Z,BUY,LIMIT,56.92,150000,,DAY,,,Fy1jm4SOkbA5o5yc, ,F,Parcialmente ejecutada,56.92,4453,56.91858,105689,44311,execution_report
280b23d8-a726-4a3c-a059-2e4a077cf274,01K81JQGFA9JXHQW0V4AEP4X36,17825,bm_MERV_AL30D_24hs,MERV - XMEV - AL30D - 24hs,2025-10-20 19:49:52.782000Z,BUY,LIMIT,56.92,150000,,DAY,,,Fy1jm4SOkbA5o5yc, ,F,Parcialmente ejecutada,56.92,668,56.91859,106357,43643,execution_report
a18dae23-614e-42b0-ab70-8362714d338b,01K81JQGFA9JXHQW0V4AEP4X36,17825,bm_MERV_AL30D_24hs,MERV - XMEV - AL30D - 24hs,2025-10-20 19:49:52.782000Z,BUY,LIMIT,56.92,150000,,DAY,,,Fy1jm4SOkbA5o5yc, ,F,Parcialmente ejecutada,56.92,668,56.91859,107025,42975,execution_report
d23287de-9eec-4a2f-8d0e-f8b6fdd05245,01K81JQGFA9JXHQW0V4AEP4X36,17825,bm_MERV_AL30D_24hs,MERV - XMEV - AL30D - 24hs,2025-10-20 19:49:52.790000Z,BUY,LIMIT,56.92,150000,,DAY,,,Fy1jm4SOkbA5o5yc, ,F,Parcialmente ejecutada,56.92,668,56.9186,107693,42307,execution_report
4a177aff-78d9-479e-85ab-16c2f9a61163,01K81JQGFA9JXHQW0V4AEP4X36,17825,bm_MERV_AL30D_24hs,MERV - XMEV - AL30D - 24hs,2025-10-20 19:49:52.795000Z,BUY,LIMIT,56.92,150000,,DAY,,,Fy1jm4SOkbA5o5yc, ,F,Parcialmente ejecutada,56.92,668,56.91861,108361,41639,execution_report
ac4a6c9e-41ab-4c03-879a-8f8ac45690bc,01K81JQGFA9JXHQW0V4AEP4X36,17825,bm_MERV_AL30D_24hs,MERV - XMEV - AL30D - 24hs,2025-10-20 19:49:52.800000Z,BUY,LIMIT,56.92,150000,,DAY,,,Fy1jm4SOkbA5o5yc, ,F,Parcialmente ejecutada,56.92,668,56.91862,109029,40971,execution_report
133ca5eb-a2c1-4180-bfab-f97bc6d7ba68,01K81JQGFA9JXHQW0V4AEP4X36,17825,bm_MERV_AL30D_24hs,MERV - XMEV - AL30D - 24hs,2025-10-20 19:49:52.803000Z,BUY,LIMIT,56.92,150000,,DAY,,,Fy1jm4SOkbA5o5yc, ,F,Parcialmente ejecutada,56.92,668,56.91863,109697,40303,execution_report
05be1395-70dd-4606-b347-274810760b24,01K81JQGFA9JXHQW0V4AEP4X36,17825,bm_MERV_AL30D_24hs,MERV - XMEV - AL30D - 24hs,2025-10-20 19:49:52.810000Z,BUY,LIMIT,56.92,150000,,DAY,,,Fy1jm4SOkbA5o5yc, ,F,Parcialmente ejecutada,56.92,667,56.91864,110364,39636,execution_report
48c71a30-de9d-47fa-9328-5552586b7af9,01K81JQGFA9JXHQW0V4AEP4X36,17825,bm_MERV_AL30D_24hs,MERV - XMEV - AL30D - 24hs,2025-10-20 19:49:52.810000Z,BUY,LIMIT,56.92,150000,,DAY,,,Fy1jm4SOkbA5o5yc, ,F,Parcialmente ejecutada,56.92,668,56.91865,111032,38968,execution_report
07738c37-1bf0-4f4e-b879-9cec3d513951,01K81JQGFA9JXHQW0V4AEP4X36,17825,bm_MERV_AL30D_24hs,MERV - XMEV - AL30D - 24hs,2025-10-20 19:49:52.816000Z,BUY,LIMIT,56.92,150000,,DAY,,,Fy1jm4SOkbA5o5yc, ,F,Parcialmente ejecutada,56.92,668,56.91865,111700,38300,execution_report
0b29e588-5a97-4d50-93ce-4ad3b26afc59,01K81JQGFA9JXHQW0V4AEP4X36,17825,bm_MERV_AL30D_24hs,MERV - XMEV - AL30D - 24hs,2025-10-20 19:49:52.821000Z,BUY,LIMIT,56.92,150000,,DAY,,,Fy1jm4SOkbA5o5yc, ,F,Parcialmente ejecutada,56.92,1113,56.91867,112813,37187,execution_report
296713cb-4cc6-4752-811d-cdcd9435b83b,01K81JQGFA9JXHQW0V4AEP4X36,17825,bm_MERV_AL30D_24hs,MERV - XMEV - AL30D - 24hs,2025-10-20 19:49:52.825000Z,BUY,LIMIT,56.92,150000,,DAY,,,Fy1jm4SOkbA5o5yc, ,F,Parcialmente ejecutada,56.92,446,56.91867,113259,36741,execution_report
215e3df9-5f28-4048-8f2b-47efa3e0db49,01K81JQGFA9JXHQW0V4AEP4X36,17825,bm_MERV_AL30D_24hs,MERV - XMEV - AL30D - 24hs,2025-10-20 19:49:52.857000Z,BUY,LIMIT,56.92,150000,,DAY,,,Fy1jm4SOkbA5o5yc, ,F,Parcialmente ejecutada,56.92,4608,56.91872,117867,32133,execution_report
e3ff23aa-bc52-4f2a-839e-3699022a2611,01K81JQGFA9JXHQW0V4AEP4X36,17825,bm_MERV_AL30D_24hs,MERV - XMEV - AL30D - 24hs,2025-10-20 19:49:52.874000Z,BUY,LIMIT,56.92,150000,,DAY,,,Fy1jm4SOkbA5o5yc, ,F,Parcialmente ejecutada,56.92,2449,56.91875,120316,29684,execution_report
0f9b0d51-5c54-4715-b818-999ef85b56b3,01K81JQGFA9JXHQW0V4AEP4X36,17825,bm_MERV_AL30D_24hs,MERV - XMEV - AL30D - 24hs,2025-10-20 19:49:52.937000Z,BUY,LIMIT,56.92,150000,,DAY,,,Fy1jm4SOkbA5o5yc, ,F,Parcialmente ejecutada,56.92,127,56.91875,120443,29557,execution_report
2c59c328-e90c-489c-98eb-d29f3ff655ae,01K81JQGFA9JXHQW0V4AEP4X36,17825,bm_MERV_AL30D_24hs,MERV - XMEV - AL30D - 24hs,2025-10-20 19:49:52.939000Z,BUY,LIMIT,56.92,150000,,DAY,,,Fy1jm4SOkbA5o5yc, ,F,Parcialmente ejecutada,56.92,127,56.91875,120570,29430,execution_report
3c1ac6fb-f25c-48a5-8198-313015b2d878,01K81JQGFA9JXHQW0V4AEP4X36,17825,bm_MERV_AL30D_24hs,MERV - XMEV - AL30D - 24hs,2025-10-20 19:49:53.275000Z,BUY,LIMIT,56.92,150000,,DAY,,,Fy1jm4SOkbA5o5yc, ,F,Parcialmente ejecutada,56.92,9,56.91875,120579,29421,execution_report
0b18d774-04ad-4547-8f31-b264f553a3af,01K81JQGFA9JXHQW0V4AEP4X36,17825,bm_MERV_AL30D_24hs,MERV - XMEV - AL30D - 24hs,2025-10-20 19:49:53.387000Z,BUY,LIMIT,56.92,150000,,DAY,,,Fy1jm4SOkbA5o5yc, ,F,Parcialmente ejecutada,56.92,3506,56.91879,124085,25915,execution_report
0b7533f0-3b4e-492a-bd2b-21bd058bf5d0,01K81JQGFA9JXHQW0V4AEP4X36,17825,bm_MERV_AL30D_24hs,MERV - XMEV - AL30D - 24hs,2025-10-20 19:49:53.515000Z,BUY,LIMIT,56.92,150000,,DAY,,,Fy1jm4SOkbA5o5yc, ,F,Parcialmente ejecutada,56.92,1485,56.9188,125570,24430,execution_report
d27a1e5a-a702-44b2-a9a5-2b0bee987381,01K81JQGFA9JXHQW0V4AEP4X36,17825,bm_MERV_AL30D_24hs,MERV - XMEV - AL30D - 24hs,2025-10-20 19:49:53.531000Z,BUY,LIMIT,56.92,150000,,DAY,,,Fy1jm4SOkbA5o5yc, ,F,Parcialmente ejecutada,56.92,3635,56.91884,129205,20795,execution_report
9c55b308-c427-4221-a71f-9c70213529d5,01K81JQGFA9JXHQW0V4AEP4X36,17825,bm_MERV_AL30D_24hs,MERV - XMEV - AL30D - 24hs,2025-10-20 19:49:53.567000Z,BUY,LIMIT,56.92,150000,,DAY,,,Fy1jm4SOkbA5o5yc, ,F,Parcialmente ejecutada,56.92,4718,56.91888,133923,16077,execution_report
a0eec956-7ada-4094-bef1-576197401eb5,01K81JQGFA9JXHQW0V4AEP4X36,17825,bm_MERV_AL30D_24hs,MERV - XMEV - AL30D - 24hs,2025-10-20 19:49:53.572000Z,BUY,LIMIT,56.92,150000,,DAY,,,Fy1jm4SOkbA5o5yc, ,F,Parcialmente ejecutada,56.92,282,56.91888,134205,15795,execution_report
49b43a0c-93ce-44f8-9d2e-092cbcf920a3,01K81JQGFA9JXHQW0V4AEP4X36,17825,bm_MERV_AL30D_24hs,MERV - XMEV - AL30D - 24hs,2025-10-20 19:49:53.574000Z,BUY,LIMIT,56.92,150000,,DAY,,,Fy1jm4SOkbA5o5yc, ,F,Parcialmente ejecutada,56.92,230,56.91888,134435,15565,execution_report
9400b5ab-e90d-4d07-9097-4f03a997f531,01K81JQGFA9JXHQW0V4AEP4X36,17825,bm_MERV_AL30D_24hs,MERV - XMEV - AL30D - 24hs,2025-10-20 19:49:53.575000Z,BUY,LIMIT,56.92,150000,,DAY,,,Fy1jm4SOkbA5o5yc, ,F,Parcialmente ejecutada,56.92,230,56.91888,134665,15335,execution_report
d1450d64-ab77-4bab-aca4-bfa43d0f3d50,01K81JQGFA9JXHQW0V4AEP4X36,17825,bm_MERV_AL30D_24hs,MERV - XMEV - AL30D - 24hs,2025-10-20 19:49:53.578000Z,BUY,LIMIT,56.92,150000,,DAY,,,Fy1jm4SOkbA5o5yc, ,F,Parcialmente ejecutada,56.92,5000,56.91892,139665,10335,execution_report
d224abe5-624d-4654-bc84-e65e0c6f67bc,01K81JQGFA9JXHQW0V4AEP4X36,17825,bm_MERV_AL30D_24hs,MERV - XMEV - AL30D - 24hs,2025-10-20 19:49:53.580000Z,BUY,LIMIT,56.92,150000,,DAY,,,Fy1jm4SOkbA5o5yc, ,F,Parcialmente ejecutada,56.92,230,56.91892,139895,10105,execution_report
ae98688b-d54d-486c-af50-3d4d65783ca4,01K81JQGFA9JXHQW0V4AEP4X36,17825,bm_MERV_AL30D_24hs,MERV - XMEV - AL30D - 24hs,2025-10-20 19:49:53.586000Z,BUY,LIMIT,56.92,150000,,DAY,,,Fy1jm4SOkbA5o5yc, ,F,Parcialmente ejecutada,56.92,5000,56.91896,144895,5105,execution_report
9f9177f2-015d-47cd-87fa-b0a1d75bc23b,01K81JQGFA9JXHQW0V4AEP4X36,17825,bm_MERV_AL30D_24hs,MERV - XMEV - AL30D - 24hs,2025-10-20 19:49:53.610000Z,BUY,LIMIT,56.92,150000,,DAY,,,Fy1jm4SOkbA5o5yc, ,F,Parcialmente ejecutada,56.92,230,56.91896,145125,4875,execution_report
6e9f8e9a-0048-4354-87f2-424fd71359fe,01K81JQGFA9JXHQW0V4AEP4X36,17825,bm_MERV_AL30D_24hs,MERV - XMEV - AL30D - 24hs,2025-10-20 19:49:53.657000Z,BUY,LIMIT,56.92,150000,,DAY,,,Fy1jm4SOkbA5o5yc, ,F,Parcialmente ejecutada,56.92,230,56.91897,145355,4645,execution_report
d19eb4a2-32a5-44b2-b6dd-409c61547f16,01K81JQGFA9JXHQW0V4AEP4X36,17825,bm_MERV_AL30D_24hs,MERV - XMEV - AL30D - 24hs,2025-10-20 19:49:53.657000Z,BUY,LIMIT,56.92,150000,,DAY,,,Fy1jm4SOkbA5o5yc, ,F,Parcialmente ejecutada,56.92,1307,56.91897,146662,3338,execution_report
1d66ffbf-31f5-4ba4-ac65-e407c70a3e72,01K81JQGFA9JXHQW0V4AEP4X36,17825,bm_MERV_AL30D_24hs,MERV - XMEV - AL30D - 24hs,2025-10-20 19:49:53.671000Z,BUY,LIMIT,56.92,150000,,DAY,,,Fy1jm4SOkbA5o5yc, ,F,Ejecutada,56.92,3338,56.919,150000,0,execution_report
31ef9882-51b3-4d0e-bfaf-6d478933369d,01K81K0SHWZRZFCWT2VE70TG9Y,17825,bm_MERV_GFGC59558D_24hs,MERV - XMEV - GFGC59558D - 24hs,2025-10-20 19:54:54.929000Z,BUY,LIMIT,233.95,10,,DAY,,,tc6n4EGRsMF7WkWC, ,F,Parcialmente ejecutada,233.95,5,233.95,5,5,execution_report
b928ca0b-2825-4a29-8f4c-ed5f9db8fb72,01K81K0SHWZRZFCWT2VE70TG9Y,17825,bm_MERV_GFGC59558D_24hs,MERV - XMEV - GFGC59558D - 24hs,2025-10-20 19:54:55.199000Z,BUY,LIMIT,233.95,10,,DAY,,,tc6n4EGRsMF7WkWC, ,F,Parcialmente ejecutada,233.95,1,233.95,6,4,execution_report
f1118911-c2aa-4e7b-97b5-edeeac0ff97b,01K81K0SHWZRZFCWT2VE70TG9Y,17825,bm_MERV_GFGC59558D_24hs,MERV - XMEV - GFGC59558D - 24hs,2025-10-20 19:55:06.307000Z,BUY,LIMIT,233.95,10,,DAY,,,tc6n4EGRsMF7WkWC, ,F,Ejecutada,233.95,4,233.95,10,0,execution_report
aa3cfa77-0bf4-463a-9914-5ef8f75b80e2,01K81K2TYSN8JYECX6Q8P30QPH,17825,bm_MERV_GFGC63343D_24hs,MERV - XMEV - GFGC63343D - 24hs,2025-10-20 19:56:01.907000Z,SELL,LIMIT,147.5,50,,DAY,,,2HgatCEnPlxA9gTJ, ,F,Parcialmente ejecutada,147.5,39,147.5,39,11,execution_report
9db98b17-08bb-4af4-b87e-95dd68e64933,01K81K2TYSN8JYECX6Q8P30QPH,17825,bm_MERV_GFGC63343D_24hs,MERV - XMEV - GFGC63343D - 24hs,2025-10-20 19:56:01.907000Z,SELL,LIMIT,147.5,50,,DAY,,,2HgatCEnPlxA9gTJ, ,F,Ejecutada,147.5,11,147.5,50,0,execution_report
0fa8a452-4be6-4f54-9c99-75f07ea710b9,01K81K3CNWZR7XBSQXMWDX3BBY,17825,bm_MERV_GFGC59558D_24hs,MERV - XMEV - GFGC59558D - 24hs,2025-10-20 19:56:20.096000Z,BUY,LIMIT,234,40,,DAY,,,f4VOmE87vFuJN3bC, ,F,Parcialmente ejecutada,233.9,1,233.9,1,39,execution_report
9313a7f1-07fe-45fb-9861-4330d65328cb,01K81K3CNWZR7XBSQXMWDX3BBY,17825,bm_MERV_GFGC59558D_24hs,MERV - XMEV - GFGC59558D - 24hs,2025-10-20 19:56:20.096000Z,BUY,LIMIT,234,40,,DAY,,,f4VOmE87vFuJN3bC, ,F,Ejecutada,234,39,233.998,40,0,execution_report
003b082f-bf72-4c99-a799-099c8e29ad92,01K81K6B7NY7N8BS3BEBF6TDAN,17825,bm_MERV_GFGV38777D_24hs,MERV - XMEV - GFGV38777D - 24hs,2025-10-20 19:58:24.488000Z,BUY,LIMIT,115,50,,DAY,,,1Qdo7xeRAFEnDMZs, ,F,Parcialmente ejecutada,115,5,115,10,40,execution_report
3f2168f0-a378-4c4a-8d03-99c71a689777,01K81K6B7NY7N8BS3BEBF6TDAN,17825,bm_MERV_GFGV38777D_24hs,MERV - XMEV - GFGV38777D - 24hs,2025-10-20 19:58:24.488000Z,BUY,LIMIT,115,50,,DAY,,,1Qdo7xeRAFEnDMZs, ,F,Parcialmente ejecutada,115,5,115,5,45,execution_report
f348cfc0-2b80-4be9-bd0b-c9d96a5be6f5,01K81K6B7NY7N8BS3BEBF6TDAN,17825,bm_MERV_GFGV38777D_24hs,MERV - XMEV - GFGV38777D - 24hs,2025-10-20 19:58:36.433000Z,BUY,LIMIT,115,50,,DAY,,,1Qdo7xeRAFEnDMZs, ,F,Parcialmente ejecutada,115,5,115,15,35,execution_report
2aeb9e5b-a777-4dca-ae2c-f28df0f99c3a,01K81K6B7NY7N8BS3BEBF6TDAN,17825,bm_MERV_GFGV38777D_24hs,MERV - XMEV - GFGV38777D - 24hs,2025-10-20 19:58:48.816000Z,BUY,LIMIT,115,50,,DAY,,,1Qdo7xeRAFEnDMZs, ,F,Parcialmente ejecutada,115,2,115,22,28,execution_report
98330eca-faee-43a3-b0e2-d5ea0f457778,01K81K6B7NY7N8BS3BEBF6TDAN,17825,bm_MERV_GFGV38777D_24hs,MERV - XMEV - GFGV38777D - 24hs,2025-10-20 19:58:48.816000Z,BUY,LIMIT,115,50,,DAY,,,1Qdo7xeRAFEnDMZs, ,F,Parcialmente ejecutada,115,5,115,20,30,execution_report
7732b622-4168-4a61-8e8a-c2caa56dbe66,01K81K8DA5MQ22JPZFBEBR9HJ2,17825,bm_MERV_GFGV44777D_24hs,MERV - XMEV - GFGV44777D - 24hs,2025-10-20 19:59:11.009000Z,SELL,LIMIT,256.5,50,,DAY,,,Few8QZqosi7raUO8, ,F,Parcialmente ejecutada,256.5,2,256.5,2,48,execution_report
aefedf3a-1368-4883-9ef5-df8d0826fb41,01K81K8DA5MQ22JPZFBEBR9HJ2,17825,bm_MERV_GFGV44777D_24hs,MERV - XMEV - GFGV44777D - 24hs,2025-10-20 19:59:21.894000Z,SELL,LIMIT,256.5,50,,DAY,,,Few8QZqosi7raUO8, ,F,Parcialmente ejecutada,256.5,1,256.5,3,47,execution_report
50334bc5-c61b-4a4a-bbb1-e3de84112649,01K81K8DA5MQ22JPZFBEBR9HJ2,17825,bm_MERV_GFGV44777D_24hs,MERV - XMEV - GFGV44777D - 24hs,2025-10-20 19:59:24.604000Z,SELL,LIMIT,256.5,50,,DAY,,,Few8QZqosi7raUO8, ,F,Parcialmente ejecutada,256.5,1,256.5,6,44,execution_report
0c7051e0-53ba-4672-970d-5205f07dab30,01K81K8DA5MQ22JPZFBEBR9HJ2,17825,bm_MERV_GFGV44777D_24hs,MERV - XMEV - GFGV44777D - 24hs,2025-10-20 19:59:24.604000Z,SELL,LIMIT,256.5,50,,DAY,,,Few8QZqosi7raUO8, ,F,Parcialmente ejecutada,256.5,2,256.5,5,45,execution_report
d78fe41a-e971-405a-bfcb-afa153a01d8e,01K81K8DA5MQ22JPZFBEBR9HJ2,17825,bm_MERV_GFGV44777D_24hs,MERV - XMEV - GFGV44777D - 24hs,2025-10-20 19:59:30.464000Z,SELL,LIMIT,256.5,50,,DAY,,,Few8QZqosi7raUO8, ,F,Parcialmente ejecutada,256.5,5,256.5,16,34,execution_report
559b3b0d-846f-4e35-a4b7-ffe7937b2bf8,01K81K8DA5MQ22JPZFBEBR9HJ2,17825,bm_MERV_GFGV44777D_24hs,MERV - XMEV - GFGV44777D - 24hs,2025-10-20 19:59:30.464000Z,SELL,LIMIT,256.5,50,,DAY,,,Few8QZqosi7raUO8, ,F,Parcialmente ejecutada,256.5,5,256.5,11,39,execution_report
7c4894a7-ff80-4c29-9ea1-09a5c2795cc7,01K81K8DA5MQ22JPZFBEBR9HJ2,17825,bm_MERV_GFGV44777D_24hs,MERV - XMEV - GFGV44777D - 24hs,2025-10-20 19:59:35.301000Z,SELL,LIMIT,256.5,50,,DAY,,,Few8QZqosi7raUO8, ,F,Parcialmente ejecutada,256.5,2,256.5,18,32,execution_report
d676c046-7482-4b87-b1a4-4e20f5fe6993,01K81K8DA5MQ22JPZFBEBR9HJ2,17825,bm_MERV_GFGV44777D_24hs,MERV - XMEV - GFGV44777D - 24hs,2025-10-20 19:59:44.227000Z,SELL,LIMIT,256.5,50,,DAY,,,Few8QZqosi7raUO8, ,F,Parcialmente ejecutada,256.5,3,256.5,21,29,execution_report
89ece305-3957-4993-ad0d-0c04735b3df2,01K81K6B7NY7N8BS3BEBF6TDAN,17825,bm_MERV_GFGV38777D_24hs,MERV - XMEV - GFGV38777D - 24hs,2025-10-20 19:59:55.685000Z,BUY,LIMIT,115,50,,DAY,,,1Qdo7xeRAFEnDMZs, ,F,Parcialmente ejecutada,115,4,115,26,24,execution_report
03f7e626-a06d-4505-b253-00fa8d159103,01K81K8DA5MQ22JPZFBEBR9HJ2,17825,bm_MERV_GFGV44777D_24hs,MERV - XMEV - GFGV44777D - 24hs,2025-10-20 19:59:59.246000Z,SELL,LIMIT,256.5,50,,DAY,,,Few8QZqosi7raUO8, ,F,Parcialmente ejecutada,256.5,5,256.5,26,24,execution_report
209fabe6-303d-49d7-a797-98325b738766,01K81K8DA5MQ22JPZFBEBR9HJ2,17825,bm_MERV_GFGV44777D_24hs,MERV - XMEV - GFGV44777D - 24hs,2025-10-20 19:59:59.246000Z,SELL,LIMIT,256.5,50,,DAY,,,Few8QZqosi7raUO8, ,F,Parcialmente ejecutada,256.5,20,256.5,46,4,execution_report
